Date,CompanyID,Employees,Revenue,Expenses,Profit,LossFlag,Region,BusinessValuation,CloseFlag
2016-01-01,26,54,929805.23,274406.75,655398.48,0.0,A,44840.36,False
2016-02-01,26,54,945682.01,316877.41,628804.6,0.0,A,50344.14,False
2016-03-01,26,54,809434.4,252932.49,556501.91,0.0,A,40175.79,False
2016-04-01,26,54,924571.51,307911.34,616660.17,0.0,A,42020.35,False
2016-05-01,26,54,676168.26,354345.84,321822.42,0.0,A,19198.59,False
2016-06-01,26,54,806109.63,366210.98,439898.65,0.0,A,33085.92,False
2016-07-01,26,54,978358.01,371738.1,606619.92,0.0,A,36780.04,False
2016-08-01,26,54,849098.38,350149.41,498948.98,0.0,A,46114.92,False
2016-09-01,26,54,705606.59,321700.66,383905.93,0.0,A,37414.09,False
2016-10-01,26,54,595487.07,305533.43,289953.65,0.0,A,16481.23,False
2016-11-01,26,54,793107.83,292477.69,500630.14,0.0,A,42764.2,False
2016-12-01,26,54,662538.99,400152.71,262386.28,0.0,A,17585.82,False
2016-01-01,86,57,931062.8300000001,357594.68,573468.15,0.0,A,40006.93,False
2016-02-01,86,57,798210.56,305868.63,492341.93,0.0,A,46669.96,False
2016-03-01,86,57,667493.14,337219.78,330273.36,0.0,A,11550.49,False
2016-04-01,86,57,559351.61,269911.37,289440.25,0.0,A,10448.52,False
2016-05-01,86,57,535299.99,271254.6,264045.39,0.0,A,8295.06,False
2016-06-01,86,57,539826.55,335234.43,204592.12,0.0,A,18062.09,False
2016-07-01,86,57,784191.74,359264.14,,0.0,A,35894.05,False
2016-08-01,86,57,487176.28,311135.22,176041.06,0.0,A,16002.28,False
2016-09-01,86,57,772482.8,399203.01,373279.79,0.0,A,36769.29,False
2016-10-01,86,57,782016.23,316817.01,465199.22,0.0,A,39979.73,False
2016-11-01,86,57,664765.27,309631.6,355133.67,0.0,A,22126.09,False
2016-12-01,86,57,559412.13,263335.13,296077.0,0.0,A,25059.08,False
2016-01-01,2,74,769829.81,301381.69,468448.12,0.0,A,17931.82,False
2016-02-01,2,74,774639.42,284191.02,490448.39,0.0,A,36682.83,False
2016-03-01,2,74,764431.47,303573.47,460858.0,0.0,A,18450.33,False
2016-04-01,2,74,772534.94,252717.76,519817.18,0.0,A,49968.37,False
2016-05-01,2,74,781652.04,299445.17,482206.86,0.0,A,32080.92,False
2016-06-01,2,74,595126.25,329301.66,265824.58,0.0,A,15690.65,False
2016-07-01,2,74,603785.39,303756.06,300029.33,0.0,A,14557.09,False
2016-08-01,2,74,746595.43,362420.87,384174.57,0.0,A,32346.1,False
2016-09-01,2,74,,,388524.8,0.0,A,24061.54,False
2016-10-01,2,74,698214.26,265157.81,433056.45,0.0,A,30223.17,False
2016-11-01,2,74,739869.84,289925.12,449944.72,0.0,A,14090.15,False
2016-12-01,2,74,587090.15,334058.32,253031.83,0.0,A,18530.66,False
2016-01-01,55,77,662720.55,272441.59,390278.96,0.0,A,28430.53,False
2016-02-01,55,77,775568.04,240290.11,535277.93,0.0,A,39174.52,False
2016-03-01,55,77,829382.54,315413.34,513969.2,0.0,A,49373.1,False
2016-04-01,55,77,558884.56,335655.48,223229.08,0.0,A,17351.02,False
2016-05-01,55,77,662644.28,221476.78,441167.51,0.0,A,24337.25,False
2016-06-01,55,77,638762.81,,332636.13,0.0,A,20155.17,False
2016-07-01,55,77,656571.43,357977.99,298593.43,0.0,A,23539.37,False
2016-08-01,55,77,681877.32,219070.23,462807.09,0.0,A,15835.31,False
2016-09-01,55,77,510262.13,344186.82,166075.32,0.0,A,12733.6,False
2016-10-01,55,77,654151.83,242962.57,411189.27,0.0,A,31638.81,False
2016-11-01,55,77,496133.93,367703.44,128430.49,0.0,A,5744.28,False
2016-12-01,55,77,691343.54,294018.19,397325.36,0.0,A,15505.56,False
2016-01-01,75,77,718325.53,211827.4,506498.13,0.0,C,26378.41,False
2016-02-01,75,77,708238.93,222424.96,485813.97,0.0,C,26943.12,False
2016-03-01,75,77,710963.78,192641.93,518321.84,0.0,C,36237.84,False
2016-04-01,75,77,901871.77,184240.66,717631.1,0.0,C,43561.72,False
2016-05-01,75,77,647061.55,176429.54,470632.02,0.0,C,46680.19,False
2016-06-01,75,77,827308.59,216546.24,610762.34,0.0,C,22685.63,False
2016-07-01,75,77,605070.98,160932.47,444138.51,0.0,C,19818.07,False
2016-08-01,75,77,534578.37,237374.27,297204.09,0.0,C,12272.05,False
2016-09-01,75,77,885105.53,160402.15,724703.38,0.0,C,54872.79,False
2016-10-01,75,77,632139.35,213884.11,418255.24,0.0,C,19963.5,False
2016-11-01,75,77,930769.71,159022.01,771747.7,0.0,C,48343.63,False
2016-12-01,75,77,774851.39,245481.44,529369.95,0.0,C,24938.51,False
2016-01-01,93,19,789283.6799999999,322947.06,466336.62,0.0,A,19179.43,False
2016-02-01,93,19,958880.38,323855.22,635025.15,0.0,A,23957.12,False
2016-03-01,93,19,793078.17,383368.61,,0.0,A,31114.6,False
2016-04-01,93,19,759060.04,407268.63,351791.41,0.0,A,13956.55,False
2016-05-01,93,19,896594.6,447498.14,449096.46,0.0,A,19652.8,False
2016-06-01,93,19,678943.7,452038.18,226905.52,0.0,A,12663.77,False
2016-07-01,93,19,852917.58,308432.92,544484.66,0.0,A,47625.82,False
2016-08-01,93,19,910615.46,459193.36,451422.1,0.0,A,16611.02,False
2016-09-01,93,19,927707.74,465648.84,462058.9,0.0,A,40964.36,False
2016-10-01,93,19,835192.79,484336.99,350855.8,0.0,A,12885.84,False
2016-11-01,93,19,687429.28,378281.86,309147.42,0.0,A,30405.32,False
2016-12-01,93,19,941491.12,479502.35,461988.76,0.0,A,29015.47,False
2016-01-01,16,93,878405.5599999999,218793.61,659611.95,0.0,A,64888.19,False
2016-02-01,16,93,723424.18,252374.61,471049.58,0.0,A,34075.34,False
2016-03-01,16,93,945087.22,279744.11,665343.11,0.0,A,54390.77,False
2016-04-01,16,93,619540.21,271477.56,348062.64,0.0,A,11396.67,False
2016-05-01,16,93,819605.41,184354.94,635250.48,0.0,A,31633.24,False
2016-06-01,16,93,664177.2,243977.73,420199.47,0.0,A,16141.44,False
2016-07-01,16,93,592874.45,242356.24,350518.21,0.0,A,17781.72,False
2016-08-01,16,93,642165.85,263345.93,378819.91,0.0,A,14512.95,False
2016-09-01,16,93,902798.52,247068.0,655730.52,0.0,A,34267.7,False
2016-10-01,16,93,966412.3,248120.17,718292.14,0.0,A,42378.09,False
2016-11-01,16,93,862265.02,176223.64,686041.38,0.0,A,23661.79,False
2016-12-01,16,93,572799.99,295858.0,276941.99,0.0,A,21732.48,False
2016-01-01,73,31,924599.62,445886.5,478713.12,0.0,E,33348.16,False
2016-02-01,73,31,865368.11,359185.54,506182.56,0.0,E,24588.96,False
2016-03-01,73,31,696709.31,499873.51,196835.8,0.0,E,13114.65,False
2016-04-01,73,31,633670.78,360616.71,273054.07,0.0,E,9987.18,False
2016-05-01,73,31,905688.0,355199.95,550488.05,0.0,E,38708.26,False
2016-06-01,73,31,858030.05,333620.39,524409.65,0.0,E,49845.52,False
2016-07-01,73,31,912525.1,411008.09,501517.02,0.0,E,26229.25,False
2016-08-01,73,31,619893.31,461245.87,158647.44,0.0,E,12171.23,False
2016-09-01,73,31,828196.91,327624.03,500572.87,0.0,E,19635.4,False
2016-10-01,73,31,601695.79,343488.08,258207.71,0.0,E,20693.52,False
2016-11-01,73,31,925849.92,417867.4,507982.52,0.0,E,25530.4,False
2016-12-01,73,31,572082.31,420589.33,151492.98,0.0,E,6487.44,False
2016-01-01,54,46,980980.97,481831.38,499149.59,0.0,E,35467.53,False
2016-02-01,54,46,971722.29,497198.89,474523.4,0.0,E,14903.61,False
2016-03-01,54,46,883852.82,355793.25,528059.57,0.0,E,46482.87,False
2016-04-01,54,46,942496.66,321927.96,620568.7,0.0,E,18821.03,False
2016-05-01,54,46,776443.47,401306.76,375136.71,0.0,E,29053.27,False
2016-06-01,54,46,865435.6,348899.58,516536.02,0.0,E,25258.9,False
2016-07-01,54,46,909857.86,339062.89,570794.97,0.0,E,46499.0,False
2016-08-01,54,46,755488.57,489890.28,265598.29,0.0,E,25856.84,False
2016-09-01,54,46,889104.38,370973.37,518131.02,0.0,E,24566.0,False
2016-10-01,54,46,816914.15,428270.84,388643.31,0.0,E,27333.68,False
2016-11-01,54,46,719014.71,471908.57,247106.14,0.0,E,17653.99,False
2016-12-01,54,46,972697.05,393931.74,578765.31,0.0,E,40546.93,False
2016-01-01,95,97,743130.66,191720.76,551409.9,0.0,C,25152.96,False
2016-02-01,95,97,881449.82,237982.9,643466.93,0.0,C,62218.38,False
2016-03-01,95,97,881605.01,277608.52,603996.49,0.0,C,37024.25,False
2016-04-01,95,97,599697.18,224151.86,375545.32,0.0,C,33516.9,False
2016-05-01,95,97,657212.1,291545.18,365666.92,0.0,C,28874.36,False
2016-06-01,95,97,604224.64,290060.92,314163.72,0.0,C,15965.98,False
2016-07-01,95,97,633972.97,241390.72,392582.25,0.0,C,34141.25,False
2016-08-01,95,97,702202.56,180418.88,521783.67,0.0,C,30135.83,False
2016-09-01,95,97,508111.14,188786.28,319324.86,0.0,C,29274.82,False
2016-10-01,95,97,874951.89,187133.78,687818.11,0.0,C,48621.24,False
2016-11-01,95,97,777200.9,205696.9,571504.0,0.0,C,52419.19,False
2016-12-01,95,97,680281.2,205676.88,474604.31,0.0,C,37245.62,False
2016-01-01,53,80,980862.21,395862.52,584999.69,0.0,A,47249.14,False
2016-02-01,53,80,783802.69,439780.51,344022.18,0.0,A,22393.33,False
2016-03-01,53,80,771274.32,433283.85,337990.47,0.0,A,32760.02,False
2016-04-01,53,80,792524.31,472129.67,320394.63,0.0,A,24055.01,False
2016-05-01,53,80,650768.32,385707.54,265060.78,0.0,A,15816.14,False
2016-06-01,53,80,802074.7,364062.65,438012.05,0.0,A,31732.89,False
2016-07-01,53,80,995953.1,440931.08,555022.02,0.0,A,17396.35,False
2016-08-01,53,80,961596.65,422550.98,539045.67,0.0,A,27550.75,False
2016-09-01,53,80,748955.22,476289.86,272665.36,0.0,A,20780.41,False
2016-10-01,53,80,597705.41,473738.82,123966.59,0.0,A,6236.19,False
2016-11-01,53,80,803758.91,495874.58,307884.33,0.0,A,22555.94,False
2016-12-01,53,80,963570.9,485598.66,477972.24,0.0,A,28684.93,False
2016-01-01,92,98,766655.46,264447.46,502208.0,0.0,E,19828.77,False
2016-02-01,92,98,950118.39,293639.91,656478.48,0.0,E,33401.47,False
2016-03-01,92,98,727066.36,231080.2,495986.15,0.0,E,34668.21,False
2016-04-01,92,98,878456.03,290446.89,588009.14,0.0,E,41960.98,False
2016-05-01,92,98,702666.36,273115.59,429550.76,0.0,E,30155.65,False
2016-06-01,92,98,819038.43,193486.89,625551.54,0.0,E,47369.3,False
2016-07-01,92,98,976627.63,263558.42,713069.22,0.0,E,53941.71,False
2016-08-01,92,98,702044.79,186686.69,515358.1,0.0,E,31024.19,False
2016-09-01,92,98,813244.48,311885.86,501358.62,0.0,E,46505.15,False
2016-10-01,92,98,916332.0,297379.07,618952.93,0.0,E,34493.83,False
2016-11-01,92,98,598112.8,293164.4,304948.39,0.0,E,18452.59,False
2016-12-01,92,98,833635.88,297441.38,536194.5,0.0,E,49562.94,False
2016-01-01,78,98,689785.95,284022.28,405763.67,0.0,C,35071.61,False
2016-02-01,78,98,678256.61,215976.43,462280.18,0.0,C,36645.97,False
2016-03-01,78,98,773213.88,175353.18,597860.7,0.0,C,22130.34,False
2016-04-01,78,98,564452.52,290856.85,273595.67,0.0,C,25817.52,False
2016-05-01,78,98,706453.22,259978.71,446474.52,0.0,C,35716.57,False
2016-06-01,78,98,530859.9,229873.0,300986.91,0.0,C,30074.4,False
2016-07-01,78,98,678683.42,314036.86,364646.56,0.0,C,14754.1,False
2016-08-01,78,98,611393.43,200809.03,410584.4,0.0,C,37268.26,False
2016-09-01,78,98,822702.22,185284.16,637418.06,0.0,C,26372.86,False
2016-10-01,78,98,660190.29,265131.99,395058.3,0.0,C,28874.48,False
2016-11-01,78,98,812398.67,270071.92,542326.76,0.0,C,20970.37,False
2016-12-01,78,98,618338.32,191555.07,426783.25,0.0,C,38137.6,False
2016-01-01,13,22,981831.0,462798.32,519032.68,0.0,B,44902.72,False
2016-02-01,13,22,823055.17,431500.09,391555.09,0.0,B,27345.05,False
2016-03-01,13,22,934713.77,411802.79,522910.98,0.0,B,30591.77,False
2016-04-01,13,22,787562.92,424200.96,363361.97,0.0,B,12660.15,False
2016-05-01,13,22,820635.72,383812.34,436823.38,0.0,B,34430.42,False
2016-06-01,13,22,990513.34,400125.07,590388.27,0.0,B,36455.29,False
2016-07-01,13,22,694466.05,455067.52,239398.53,0.0,B,19282.09,False
2016-08-01,13,22,820792.76,326758.27,494034.49,0.0,B,44782.63,False
2016-09-01,13,22,835157.45,359189.94,475967.51,0.0,B,46781.18,False
2016-10-01,13,22,763417.8,325723.63,437694.17,0.0,B,39351.43,False
2016-11-01,13,22,648826.71,410836.53,237990.18,0.0,B,7334.85,False
2016-12-01,13,22,,424366.23,566796.38,0.0,B,31286.29,False
2016-01-01,7,68,645478.55,35518.03,609960.52,0.0,E,49467.4,False
2016-02-01,7,68,805432.42,45461.79,759970.62,0.0,E,31929.46,False
2016-03-01,7,68,550381.75,31231.58,519150.17,0.0,E,34509.24,False
2016-04-01,7,68,621741.48,27238.19,594503.29,0.0,E,20096.39,False
2016-05-01,7,68,708715.25,32842.04,675873.21,0.0,E,29738.26,False
2016-06-01,7,68,497012.87,39938.04,457074.83,0.0,E,14304.85,False
2016-07-01,7,68,749740.77,42688.05,707052.72,0.0,E,60494.61,False
2016-08-01,7,68,526376.48,45612.85,480763.63,0.0,E,21958.75,False
2016-09-01,7,68,640711.57,36563.86,604147.71,0.0,E,32729.47,False
2016-10-01,7,68,596607.03,43905.72,552701.3,0.0,E,52487.66,False
2016-11-01,7,68,743034.91,36239.12,706795.79,0.0,E,56055.27,False
2016-12-01,7,68,556920.27,48788.55,508131.72,0.0,E,16376.44,False
2016-01-01,30,75,315809.2,43564.65,272244.55,0.0,A,11305.93,False
2016-02-01,30,75,311452.89,53113.41,258339.48,0.0,A,18988.85,False
2016-03-01,30,75,,59176.27,282543.34,0.0,A,19892.75,False
2016-04-01,30,75,317352.34,41084.27,276268.06,0.0,A,12888.59,False
2016-05-01,30,75,375329.81,57747.64,317582.17,0.0,A,30295.74,False
2016-06-01,30,75,388452.58,59335.85,,0.0,A,24018.15,False
2016-07-01,30,75,392949.79,41513.71,351436.08,0.0,A,23719.93,False
2016-08-01,30,75,378351.39,42946.13,335405.26,0.0,A,23912.28,False
2016-09-01,30,75,348433.07,37909.75,310523.32,0.0,A,25186.09,False
2016-10-01,30,75,415994.78,61903.65,354091.13,0.0,A,18354.72,False
2016-11-01,30,75,376319.05,42458.79,333860.26,0.0,A,19322.32,False
2016-12-01,30,75,383747.14,44162.46,339584.69,0.0,A,15175.72,False
2016-01-01,22,49,911571.0299999999,10109.2,901461.83,0.0,C,38793.07,False
2016-02-01,22,49,732371.96,11959.35,720412.61,0.0,C,69236.02,False
2016-03-01,22,49,694266.3,14202.32,680063.99,0.0,C,55607.85,False
2016-04-01,22,49,560335.05,12941.93,547393.12,0.0,C,35214.96,False
2016-05-01,22,49,634312.01,11356.87,622955.14,,C,28605.49,False
2016-06-01,22,49,736034.46,13536.34,722498.12,0.0,C,34538.99,False
2016-07-01,22,49,780265.43,15490.9,764774.53,0.0,C,26049.78,False
2016-08-01,22,49,885288.59,13757.34,871531.25,0.0,C,52648.47,False
2016-09-01,22,49,890089.61,12843.94,877245.68,0.0,C,45463.88,False
2016-10-01,22,49,934658.11,14321.44,920336.68,0.0,C,72471.03,False
2016-11-01,22,49,686024.69,15468.43,670556.26,0.0,C,37847.96,False
2016-12-01,22,49,950077.57,9910.47,940167.1,0.0,C,40025.04,False
2016-01-01,24,97,997118.6199999999,416309.92,580808.7,0.0,E,18427.61,False
2016-02-01,24,97,863699.53,294345.8,569353.72,0.0,E,19760.83,False
2016-03-01,24,97,686220.72,430786.3,255434.42,0.0,E,19810.85,False
2016-04-01,24,97,849880.67,290373.6,559507.07,0.0,E,34554.47,False
2016-05-01,24,97,849468.31,284302.02,565166.29,0.0,E,38182.94,False
2016-06-01,24,97,681052.71,391115.69,289937.02,0.0,E,26896.58,False
2016-07-01,24,97,814338.57,321902.69,492435.88,0.0,E,48910.57,False
2016-08-01,24,97,976834.99,343462.51,633372.48,0.0,E,28617.54,False
2016-09-01,24,97,853691.82,340893.5,512798.31,0.0,E,39185.73,False
2016-10-01,24,97,803074.3,392423.23,,0.0,E,19888.89,False
2016-11-01,24,97,788793.44,339823.82,448969.61,,E,14118.11,False
2016-12-01,24,97,918366.28,278203.36,640162.93,0.0,E,53188.9,False
2016-01-01,33,56,957897.97,389078.38,568819.59,0.0,E,29806.83,False
2016-02-01,33,56,907650.7,,544505.59,0.0,E,30951.04,False
2016-03-01,33,56,790618.6,,508983.4,0.0,E,36230.56,False
2016-04-01,33,56,828571.99,312914.83,515657.16,0.0,E,45467.24,False
2016-05-01,33,56,881790.75,312739.88,569050.87,0.0,E,42126.11,False
2016-06-01,33,56,928549.43,383672.83,544876.6,0.0,E,49630.38,False
2016-07-01,33,56,980704.54,353116.79,627587.75,0.0,E,30844.65,False
2016-08-01,33,56,958251.84,378980.9,579270.94,0.0,E,49738.1,False
2016-09-01,33,56,699415.83,355444.61,343971.23,0.0,E,14788.88,False
2016-10-01,33,56,687204.74,436162.91,251041.83,0.0,E,24274.59,False
2016-11-01,33,56,652176.03,329824.22,322351.81,0.0,E,25183.47,False
2016-12-01,33,56,634226.24,303010.89,331215.35,0.0,E,14933.02,False
2016-01-01,8,98,987282.75,435006.07,552276.68,0.0,E,53193.05,False
2016-02-01,8,98,945894.24,435125.36,510768.88,0.0,E,41453.95,False
2016-03-01,8,98,765451.12,393082.4,372368.72,0.0,E,17790.26,False
2016-04-01,8,98,771665.83,454110.16,317555.67,0.0,E,14268.36,False
2016-05-01,8,98,839410.82,328364.13,511046.69,0.0,E,33869.13,False
2016-06-01,8,98,743556.46,412642.09,330914.37,0.0,E,10521.88,False
2016-07-01,8,98,758504.47,417735.26,340769.21,0.0,E,15172.04,False
2016-08-01,8,98,599675.39,338642.67,261032.72,0.0,E,15590.96,False
2016-09-01,8,98,631038.86,467669.68,163369.19,0.0,E,9180.02,False
2016-10-01,8,98,870012.3,413385.02,456627.28,0.0,E,28516.5,False
2016-11-01,8,98,786181.42,335977.54,450203.87,0.0,E,22255.38,False
2016-12-01,8,98,872684.42,414553.59,458130.83,0.0,E,32561.6,False
2016-01-01,43,91,985249.81,489309.17,495940.64,0.0,A,44867.7,False
2016-02-01,43,91,690029.51,420246.83,269782.68,0.0,A,10313.04,False
2016-03-01,43,91,914101.6,474815.28,439286.32,0.0,A,29088.02,False
2016-04-01,43,91,798262.86,478988.33,319274.53,0.0,A,12529.85,False
2016-05-01,43,91,864927.3,387662.87,477264.44,0.0,A,38267.15,False
2016-06-01,43,91,849874.23,481664.02,368210.21,0.0,A,21254.63,False
2016-07-01,43,91,920726.5,360178.7,560547.81,0.0,A,39002.63,False
2016-08-01,43,91,714295.28,341710.99,372584.28,0.0,A,15957.63,False
2016-09-01,43,91,930878.22,329177.7,601700.52,0.0,A,24151.86,False
2016-10-01,43,91,771594.43,424046.52,347547.92,0.0,A,22300.04,False
2016-11-01,43,91,921406.41,372516.04,548890.37,0.0,A,30130.18,False
2016-12-01,43,91,766035.59,323569.54,442466.06,0.0,A,42401.63,False
2016-01-01,62,47,945739.01,399579.28,546159.73,0.0,A,45644.08,False
2016-02-01,62,47,955252.02,333437.72,621814.3,0.0,A,51241.51,False
2016-03-01,62,47,709996.47,371096.94,338899.53,0.0,A,31605.9,False
2016-04-01,62,47,847646.65,360792.43,486854.21,0.0,A,17448.65,False
2016-05-01,62,47,791840.52,347572.64,444267.88,0.0,A,30500.53,False
2016-06-01,62,47,638804.9,435125.56,203679.35,0.0,A,14443.58,False
2016-07-01,62,47,577157.0,381140.14,196016.86,0.0,A,19079.41,False
2016-08-01,62,47,654627.22,313806.06,340821.16,0.0,A,17194.54,False
2016-09-01,62,47,567197.95,272588.76,294609.19,,A,13804.8,False
2016-10-01,62,47,795611.27,442729.17,352882.1,0.0,A,13063.9,False
2016-11-01,62,47,630960.75,323713.51,307247.24,0.0,A,9570.77,False
2016-12-01,62,47,925276.3,419793.09,505483.21,0.0,A,48054.8,False
2016-01-01,3,35,945522.3200000001,230739.68,714782.64,0.0,A,54962.61,False
2016-02-01,3,35,771828.4,282029.13,489799.27,0.0,A,41613.69,False
2016-03-01,3,35,860687.91,232856.47,627831.44,0.0,A,31216.47,False
2016-04-01,3,35,853492.15,224363.43,629128.73,0.0,A,44698.79,False
2016-05-01,3,35,790957.1,270825.06,520132.03,0.0,A,17932.52,False
2016-06-01,3,35,806382.37,227110.73,579271.64,0.0,A,37069.87,False
2016-07-01,3,35,975763.1,271114.59,704648.51,0.0,A,69354.79,False
2016-08-01,3,35,951393.86,242903.83,708490.03,0.0,A,64724.37,False
2016-09-01,3,35,762547.49,315085.54,447461.95,0.0,A,24015.79,False
2016-10-01,3,35,828437.72,211333.33,617104.39,0.0,A,60050.37,False
2016-11-01,3,35,929485.39,311660.46,617824.93,0.0,A,28555.32,False
2016-12-01,3,35,875463.49,304497.14,570966.35,0.0,A,55071.03,False
2016-01-01,71,87,930643.69,390264.59,540379.1,0.0,A,51820.43,False
2016-02-01,71,87,718046.9,401905.04,316141.86,0.0,A,27170.55,False
2016-03-01,71,87,945803.74,339272.55,606531.19,0.0,A,44962.98,False
2016-04-01,71,87,654442.41,418451.74,235990.68,0.0,A,21522.39,False
2016-05-01,71,87,705864.22,420401.0,285463.21,0.0,A,14419.15,False
2016-06-01,71,87,757020.4,278673.65,478346.75,0.0,A,42776.66,False
2016-07-01,71,87,833802.48,403573.32,430229.16,0.0,A,31514.87,False
2016-08-01,71,87,944993.72,296629.49,648364.23,0.0,A,20051.69,False
2016-09-01,71,87,808221.16,316783.75,491437.41,0.0,A,26688.17,False
2016-10-01,71,87,758501.29,306920.35,451580.94,0.0,A,18230.26,False
2016-11-01,71,87,982690.4,253358.48,729331.92,0.0,A,72005.52,False
2016-12-01,71,87,904116.23,266951.13,637165.11,0.0,A,40451.01,False
2016-01-01,45,82,534574.72,59137.21,475437.51,0.0,D,30816.62,False
2016-02-01,45,82,450737.13,75726.63,375010.5,0.0,D,28036.94,False
2016-03-01,45,82,350349.6,48847.55,301502.05,0.0,D,16824.09,False
2016-04-01,45,82,477820.62,71839.72,405980.9,0.0,D,16069.95,False
2016-05-01,45,82,333741.12,56228.34,277512.78,0.0,D,24295.76,False
2016-06-01,45,82,357316.9,68071.31,289245.59,0.0,D,12521.25,False
2016-07-01,45,82,416669.41,72079.95,344589.46,0.0,D,22671.34,False
2016-08-01,45,82,433570.54,45714.77,387855.78,0.0,D,17725.86,False
2016-09-01,45,82,351324.85,47682.15,303642.71,0.0,D,11188.96,False
2016-10-01,45,82,511841.95,73080.9,438761.05,0.0,D,39643.56,False
2016-11-01,45,82,486049.4,62786.43,423262.98,0.0,D,41523.95,False
2016-12-01,45,82,497773.69,74512.53,423261.16,0.0,D,41165.71,False
2016-01-01,48,19,676181.41,319960.51,356220.9,0.0,B,33292.01,False
2016-02-01,48,19,799184.0,309971.9,489212.1,0.0,B,41183.5,False
2016-03-01,48,19,817793.62,325994.26,491799.36,0.0,B,26222.82,False
2016-04-01,48,19,593366.73,397369.15,195997.57,0.0,B,6992.62,False
2016-05-01,48,19,827802.05,247464.87,580337.19,0.0,B,33953.72,False
2016-06-01,48,19,814559.2,319133.85,495425.35,0.0,B,22916.59,False
2016-07-01,48,19,641227.5,395195.11,246032.39,0.0,B,9662.71,False
2016-08-01,48,19,929277.01,232627.57,696649.43,0.0,B,23504.88,False
2016-09-01,48,19,598230.4,378055.11,220175.29,0.0,B,17788.32,False
2016-10-01,48,19,769103.9,265866.54,503237.36,,B,15499.67,False
2016-11-01,48,19,578474.16,270625.49,307848.67,0.0,B,25841.02,False
2016-12-01,48,19,839665.47,311404.36,528261.11,0.0,B,21281.67,False
2016-01-01,6,30,515285.15,71676.64,443608.51,0.0,A,15777.62,False
2016-02-01,6,30,385571.13,63937.91,321633.22,0.0,A,11666.35,False
2016-03-01,6,30,571098.53,85644.88,485453.65,0.0,A,37400.97,False
2016-04-01,6,30,578774.95,,486573.75,0.0,A,22954.46,False
2016-05-01,6,30,549946.93,56056.8,493890.13,0.0,A,29355.72,False
2016-06-01,6,30,661609.82,73057.22,588552.6,0.0,A,40619.44,False
2016-07-01,6,30,470140.94,93454.58,376686.36,0.0,A,33991.64,False
2016-08-01,6,30,497982.92,90432.08,407550.84,0.0,A,32968.05,False
2016-09-01,6,30,414146.64,95412.95,318733.69,0.0,A,15593.39,False
2016-10-01,6,30,374725.55,62602.67,312122.87,0.0,A,12236.4,False
2016-11-01,6,30,436182.93,73939.31,,0.0,A,12271.44,False
2016-12-01,6,30,551432.2,59309.11,492123.08,0.0,A,25153.35,False
2016-01-01,99,90,978469.95,472334.46,506135.49,0.0,B,24470.78,False
2016-02-01,99,90,844966.34,488624.34,356342.0,0.0,B,22068.2,False
2016-03-01,99,90,967384.39,343210.23,624174.16,0.0,B,48579.28,False
2016-04-01,99,90,955539.02,437574.91,517964.11,0.0,B,40760.55,False
2016-05-01,99,90,818001.38,478244.57,339756.81,0.0,B,16935.63,False
2016-06-01,99,90,752340.9,471199.89,281141.01,0.0,B,15911.14,False
2016-07-01,99,90,972089.46,328468.12,643621.34,0.0,B,27470.12,False
2016-08-01,99,90,999956.03,305829.25,694126.78,0.0,B,59138.34,False
2016-09-01,99,90,935883.77,319575.78,616307.99,0.0,B,20941.75,False
2016-10-01,99,90,799388.31,429466.74,369921.56,0.0,B,29146.05,False
2016-11-01,99,90,805056.78,,318633.46,0.0,B,26927.29,False
2016-12-01,99,90,911744.19,345246.65,566497.54,0.0,B,47822.89,False
2016-01-01,82,79,958406.0800000001,260924.16,697481.92,0.0,E,33590.44,False
2016-02-01,82,79,706776.91,268950.28,437826.63,0.0,E,24591.37,False
2016-03-01,82,79,895342.56,296940.28,598402.28,0.0,E,42565.54,False
2016-04-01,82,79,923617.6,278748.01,644869.59,0.0,E,31661.51,False
2016-05-01,82,79,613670.77,280839.69,332831.08,0.0,E,18625.13,False
2016-06-01,82,79,684174.7,294633.69,389541.0,0.0,E,17059.48,False
2016-07-01,82,79,756039.51,321196.07,434843.44,0.0,E,27042.88,False
2016-08-01,82,79,921507.43,287764.46,633742.97,,E,20991.38,False
2016-09-01,82,79,808137.66,201586.45,606551.21,0.0,E,52154.74,False
2016-10-01,82,79,662643.63,307492.42,355151.21,0.0,E,12567.72,False
2016-11-01,82,79,581083.05,315036.39,266046.66,0.0,E,17643.8,False
2016-12-01,82,79,901509.35,306080.52,595428.83,0.0,E,30650.72,False
2016-01-01,76,89,980453.4299999999,207330.97,773122.46,0.0,B,54449.47,False
2016-02-01,76,89,907953.41,213232.55,694720.86,0.0,B,67499.31,False
2016-03-01,76,89,883147.81,237074.72,646073.09,0.0,B,48578.18,False
2016-04-01,76,89,924212.47,178324.41,745888.06,0.0,B,24222.99,False
2016-05-01,76,89,670234.51,255024.17,,0.0,B,24965.84,False
2016-06-01,76,89,884701.17,260313.33,624387.84,0.0,B,41023.02,False
2016-07-01,76,89,786786.07,226419.22,560366.86,0.0,B,37842.93,False
2016-08-01,76,89,618878.55,262864.18,356014.38,0.0,B,27661.42,False
2016-09-01,76,89,942390.72,238117.74,704272.98,0.0,B,34813.43,False
2016-10-01,76,89,943539.29,266615.3,676923.99,0.0,B,26413.74,False
2016-11-01,76,89,941344.93,214451.05,726893.88,0.0,B,41787.16,False
2016-12-01,76,89,805351.82,237735.0,567616.82,0.0,B,55029.54,False
2016-01-01,60,57,615369.77,132277.81,483091.96,0.0,E,20820.86,False
2016-02-01,60,57,731477.81,135474.99,596002.82,0.0,E,55594.47,False
2016-03-01,60,57,836140.55,145133.36,691007.19,0.0,E,47034.38,False
2016-04-01,60,57,850833.06,133052.26,717780.8,0.0,E,44490.78,False
2016-05-01,60,57,843233.85,156298.39,686935.46,0.0,E,63021.45,False
2016-06-01,60,57,901867.95,130680.01,771187.94,0.0,E,47892.53,False
2016-07-01,60,57,914527.51,155893.61,758633.9,0.0,E,61215.49,False
2016-08-01,60,57,617536.38,150706.65,466829.73,0.0,E,27044.27,False
2016-09-01,60,57,890444.2,141614.51,748829.69,0.0,E,69853.16,False
2016-10-01,60,57,747296.03,154794.4,592501.63,0.0,E,46393.92,False
2016-11-01,60,57,666960.93,119581.78,547379.15,0.0,E,43228.47,False
2016-12-01,60,57,582029.12,102456.88,479572.25,0.0,E,25388.76,False
2016-01-01,80,74,969591.51,387116.84,582474.67,0.0,E,48330.55,False
2016-02-01,80,74,988381.82,409122.28,579259.54,0.0,E,43168.9,False
2016-03-01,80,74,802503.92,397736.1,404767.82,0.0,E,18943.71,False
2016-04-01,80,74,913382.47,379437.96,533944.51,0.0,E,22018.65,False
2016-05-01,80,74,881811.02,276790.35,605020.67,0.0,E,51878.95,False
2016-06-01,80,74,659229.37,267529.34,391700.04,0.0,E,38050.39,False
2016-07-01,80,74,983554.65,281902.57,701652.08,0.0,E,43551.35,False
2016-08-01,80,74,915729.32,378509.77,537219.55,0.0,E,38340.76,False
2016-09-01,80,74,883131.54,437121.52,446010.03,0.0,E,40159.0,False
2016-10-01,80,74,995603.04,439865.27,555737.77,0.0,E,34458.88,False
2016-11-01,80,74,740963.92,287724.24,453239.68,0.0,E,43797.1,False
2016-12-01,80,74,625070.79,417700.99,207369.8,0.0,E,14578.63,False
2016-01-01,90,92,597818.99,228075.17,369743.82,0.0,B,32335.46,False
2016-02-01,90,92,629246.48,220547.19,408699.29,0.0,B,38262.04,False
2016-03-01,90,92,505984.41,236037.11,269947.3,0.0,B,23508.81,False
2016-04-01,90,92,678047.24,170070.27,507976.97,0.0,B,20907.83,False
2016-05-01,90,92,436834.57,229179.98,207654.58,0.0,B,15371.19,False
2016-06-01,90,92,646979.58,276833.76,370145.83,0.0,B,21427.89,False
2016-07-01,90,92,730515.42,285028.53,445486.89,0.0,B,15320.25,False
2016-08-01,90,92,560125.34,168307.22,391818.11,0.0,B,23384.59,False
2016-09-01,90,92,619565.97,277740.81,341825.16,0.0,B,16444.49,False
2016-10-01,90,92,542247.27,258285.91,283961.36,0.0,B,25395.43,False
2016-11-01,90,92,613177.4,199815.34,413362.06,0.0,B,13364.54,False
2016-12-01,90,92,467049.32,179356.81,287692.51,0.0,B,27943.23,False
2016-01-01,68,98,915856.62,284216.97,631639.65,0.0,E,34661.74,False
2016-02-01,68,98,855107.2,264589.14,590518.06,0.0,E,32460.47,False
2016-03-01,68,98,623219.68,216946.87,406272.8,0.0,E,12652.55,False
2016-04-01,68,98,578345.4,321762.7,256582.7,0.0,E,11024.4,False
2016-05-01,68,98,965931.5,332749.44,633182.06,0.0,E,36780.38,False
2016-06-01,68,98,705333.77,274030.8,431302.98,0.0,E,40995.52,False
2016-07-01,68,98,832633.19,356997.89,475635.29,0.0,E,17585.69,False
2016-08-01,68,98,744989.91,365779.88,,0.0,E,36469.05,False
2016-09-01,68,98,700674.43,229174.7,471499.73,0.0,E,42842.44,False
2016-10-01,68,98,613702.47,304148.35,309554.13,0.0,E,19127.77,False
2016-11-01,68,98,539827.31,247709.43,292117.88,0.0,E,15444.0,False
2016-12-01,68,98,683518.89,374068.46,309450.43,0.0,E,14325.11,False
2016-01-01,51,59,557179.15,9394.9,547784.25,0.0,E,39995.11,False
2016-02-01,51,59,,8213.0,574256.85,0.0,E,18557.24,False
2016-03-01,51,59,512867.71,10333.85,502533.86,0.0,E,15625.0,False
2016-04-01,51,59,546266.42,11555.24,534711.18,0.0,E,32091.07,False
2016-05-01,51,59,615555.65,11219.71,604335.94,0.0,E,21009.85,False
2016-06-01,51,59,639124.41,11103.9,628020.51,0.0,E,29916.3,False
2016-07-01,51,59,490168.08,12663.67,477504.41,0.0,E,21717.5,False
2016-08-01,51,59,506899.73,9031.49,497868.24,0.0,E,23759.96,False
2016-09-01,51,59,391138.69,8727.29,382411.4,0.0,E,14980.53,False
2016-10-01,51,59,491655.62,9868.86,481786.77,0.0,E,14859.53,False
2016-11-01,51,59,635934.65,9704.94,626229.71,0.0,E,23849.27,False
2016-12-01,51,59,668315.4,9026.4,659289.0,0.0,E,48321.68,False
2016-01-01,27,39,623004.55,308817.75,314186.8,0.0,B,30852.49,False
2016-02-01,27,39,506898.18,250771.66,256126.52,0.0,B,25439.55,False
2016-03-01,27,39,639016.29,252641.63,386374.66,0.0,B,22654.61,False
2016-04-01,27,39,746996.78,297792.79,449204.0,0.0,B,18600.1,False
2016-05-01,27,39,525834.08,319400.58,206433.51,0.0,B,15423.33,False
2016-06-01,27,39,520786.49,315316.99,205469.5,0.0,B,13216.08,False
2016-07-01,27,39,691184.05,309928.13,381255.93,0.0,B,37842.96,False
2016-08-01,27,39,475625.8,295329.82,180295.97,0.0,B,6233.07,False
2016-09-01,27,39,711265.36,260526.0,450739.35,0.0,B,38234.6,False
2016-10-01,27,39,582350.56,318466.62,263883.94,0.0,B,13243.78,False
2016-11-01,27,39,740897.67,370859.99,370037.68,0.0,B,17354.51,False
2016-12-01,27,39,732882.08,225303.89,507578.19,0.0,B,38766.45,False
2016-01-01,18,29,891272.24,306047.86,585224.38,0.0,B,27636.88,False
2016-02-01,18,29,854360.33,334815.02,519545.31,0.0,B,39802.44,False
2016-03-01,18,29,852378.47,232223.64,620154.82,0.0,B,41061.44,False
2016-04-01,18,29,831374.69,241433.93,589940.76,0.0,B,35211.34,False
2016-05-01,18,29,715271.11,212671.72,502599.39,0.0,B,34592.98,False
2016-06-01,18,29,708234.15,242561.55,465672.59,0.0,B,23327.22,False
2016-07-01,18,29,605488.24,187868.29,417619.96,0.0,B,33184.18,False
2016-08-01,18,29,788064.48,186767.16,601297.32,0.0,B,35500.58,False
2016-09-01,18,29,648412.91,242411.43,406001.47,0.0,B,22426.79,False
2016-10-01,18,29,925134.7,238396.04,686738.67,0.0,B,60437.11,False
2016-11-01,18,29,657538.99,251246.36,406292.63,0.0,B,38495.29,False
2016-12-01,18,29,720021.93,254876.08,465145.85,0.0,B,15452.38,False
2016-01-01,56,29,769709.74,308467.0,461242.74,0.0,E,21348.11,False
2016-02-01,56,29,758574.42,232551.61,526022.81,0.0,E,28613.72,False
2016-03-01,56,29,610027.1,348726.65,261300.45,0.0,E,22745.59,False
2016-04-01,56,29,538915.54,353417.65,185497.89,0.0,E,18361.4,False
2016-05-01,56,29,653602.71,279126.58,374476.14,0.0,E,36634.26,False
2016-06-01,56,29,681959.35,346895.77,335063.59,0.0,E,31276.97,False
2016-07-01,56,29,472560.53,264905.56,207654.97,0.0,E,10540.35,False
2016-08-01,56,29,605301.16,333896.46,271404.71,0.0,E,26988.7,False
2016-09-01,56,29,806958.77,310160.31,496798.46,0.0,E,23577.76,False
2016-10-01,56,29,516336.27,355754.94,160581.33,0.0,E,6007.9,False
2016-11-01,56,29,788043.1,328700.06,459343.05,0.0,E,44357.23,False
2016-12-01,56,29,845741.41,229546.68,616194.73,0.0,E,28554.11,False
2016-01-01,63,24,990147.19,471874.04,518273.15,0.0,B,40572.38,False
2016-02-01,63,24,925609.37,479089.39,446519.98,0.0,B,15219.61,False
2016-03-01,63,24,765910.93,398831.73,367079.19,0.0,B,29788.34,False
2016-04-01,63,24,958369.87,459177.66,499192.21,0.0,B,45786.12,False
2016-05-01,63,24,698082.15,393924.39,304157.76,0.0,B,14925.2,False
2016-06-01,63,24,666713.78,312618.24,354095.55,,B,20018.43,False
2016-07-01,63,24,901114.17,373323.84,527790.33,0.0,B,29662.2,False
2016-08-01,63,24,986100.96,379989.2,606111.77,0.0,B,49952.81,False
2016-09-01,63,24,738361.8,302606.13,435755.66,0.0,B,20326.48,False
2016-10-01,63,24,899037.0,489743.41,409293.59,0.0,B,17202.49,False
2016-11-01,63,24,664755.12,337770.33,326984.79,0.0,B,20093.35,False
2016-12-01,63,24,756205.02,482308.92,273896.1,0.0,B,14054.37,False
2016-01-01,74,49,894413.0800000001,340910.15,553502.93,,A,49119.64,False
2016-02-01,74,49,971351.32,410959.05,560392.27,0.0,A,26137.78,False
2016-03-01,74,49,843331.97,329335.33,513996.64,0.0,A,33495.75,False
2016-04-01,74,49,889085.82,343126.27,,0.0,A,52401.66,False
2016-05-01,74,49,961931.65,342253.22,619678.43,0.0,A,46091.58,False
2016-06-01,74,49,,252529.23,612900.01,0.0,A,55596.32,False
2016-07-01,74,49,917584.46,361887.52,555696.94,0.0,A,53243.92,False
2016-08-01,74,49,793765.31,334251.82,459513.49,0.0,A,37934.47,False
2016-09-01,74,49,839902.6,283660.47,556242.14,0.0,A,43926.58,False
2016-10-01,74,49,769994.21,325990.98,444003.23,0.0,A,43404.69,False
2016-11-01,74,49,995201.83,292469.24,702732.59,0.0,A,69997.83,False
2016-12-01,74,49,630438.49,348402.19,282036.31,0.0,A,17381.2,False
2016-01-01,1,42,360239.87,179753.95,180485.92,0.0,E,6309.95,False
2016-02-01,1,42,446302.57,225384.39,220918.18,0.0,E,11155.39,False
2016-03-01,1,42,397963.69,170932.66,227031.03,0.0,E,9232.18,False
2016-04-01,1,42,354601.37,147487.03,207114.34,0.0,E,12266.15,False
2016-05-01,1,42,377450.23,203554.36,173895.88,0.0,E,6815.02,False
2016-06-01,1,42,281566.95,154914.05,126652.9,0.0,E,9155.52,False
2016-07-01,1,42,345124.36,221470.61,123653.74,0.0,E,7023.11,False
2016-08-01,1,42,305766.35,174464.25,131302.1,0.0,E,12168.69,False
2016-09-01,1,42,330115.9,171572.36,158543.54,0.0,E,15496.94,False
2016-10-01,1,42,364117.11,226402.9,137714.21,0.0,E,9403.39,False
2016-11-01,1,42,434937.86,220799.12,214138.74,0.0,E,10543.69,False
2016-12-01,1,42,341530.98,197505.08,144025.89,0.0,E,10291.53,False
2016-01-01,61,75,714900.52,218515.98,496384.54,0.0,E,46051.22,False
2016-02-01,61,75,732315.46,204263.85,528051.61,0.0,E,30875.88,False
2016-03-01,61,75,527476.81,170750.65,356726.16,0.0,E,24487.64,False
2016-04-01,61,75,628993.73,205679.64,423314.09,0.0,E,20749.03,False
2016-05-01,61,75,660358.12,155353.22,505004.9,0.0,E,31250.25,False
2016-06-01,61,75,713080.25,141261.45,571818.8,0.0,E,33234.08,False
2016-07-01,61,75,479276.92,178836.38,300440.54,0.0,E,14237.56,False
2016-08-01,61,75,692116.66,170847.48,521269.17,0.0,E,34096.55,False
2016-09-01,61,75,743259.82,151593.62,591666.2,0.0,E,30604.92,False
2016-10-01,61,75,734855.26,126484.62,608370.64,0.0,E,34137.16,False
2016-11-01,61,75,758875.99,195310.89,563565.1,0.0,E,37616.8,False
2016-12-01,61,75,753328.45,164679.33,588649.12,0.0,E,48588.07,False
2016-01-01,42,19,959967.2,348815.6,611151.6,0.0,A,32602.2,False
2016-02-01,42,19,903326.18,301858.21,601467.97,0.0,A,56953.67,False
2016-03-01,42,19,834094.3,241568.42,592525.88,0.0,A,53542.0,False
2016-04-01,42,19,971418.8,375173.84,596244.96,0.0,A,19919.54,False
2016-05-01,42,19,967924.16,306231.36,661692.79,0.0,A,31599.12,False
2016-06-01,42,19,671037.83,403878.48,267159.35,0.0,A,16358.03,False
2016-07-01,42,19,935214.51,255789.05,679425.46,0.0,A,25358.84,False
2016-08-01,42,19,842722.15,383284.5,459437.65,0.0,A,24990.34,False
2016-09-01,42,19,975638.99,374642.37,600996.62,0.0,A,49165.63,False
2016-10-01,42,19,704326.15,402932.54,301393.61,0.0,A,23399.0,False
2016-11-01,42,19,918848.34,410167.17,508681.16,0.0,A,37422.1,False
2016-12-01,42,19,958579.09,440414.34,518164.75,0.0,A,41316.9,False
2016-01-01,41,67,289446.7,30112.74,259333.96,0.0,A,11500.08,False
2016-02-01,41,67,343566.64,36427.13,307139.51,0.0,A,16560.61,False
2016-03-01,41,67,298118.1,29846.87,268271.23,0.0,A,20747.29,False
2016-04-01,41,67,294667.32,24402.76,270264.56,0.0,A,24741.76,False
2016-05-01,41,67,359650.17,28183.97,331466.2,0.0,A,22558.75,False
2016-06-01,41,67,302374.2,36810.07,265564.13,0.0,A,13222.17,False
2016-07-01,41,67,354373.52,27770.6,326602.92,0.0,A,10489.33,False
2016-08-01,41,67,416017.34,37555.75,378461.59,0.0,A,30172.31,False
2016-09-01,41,67,328512.63,38554.3,289958.32,0.0,A,8858.77,False
2016-10-01,41,67,348877.64,39405.44,309472.21,0.0,A,17357.53,False
2016-11-01,41,67,245974.08,26348.14,219625.94,0.0,A,14745.16,False
2016-12-01,41,67,420358.61,23679.45,396679.16,0.0,A,37505.14,False
2016-01-01,4,42,775135.63,333383.36,441752.27,0.0,A,16019.98,False
2016-02-01,4,42,951990.28,351346.29,600643.99,0.0,A,35087.2,False
2016-03-01,4,42,768518.92,260074.09,508444.84,0.0,A,16118.68,False
2016-04-01,4,42,905527.95,359204.18,546323.77,0.0,A,29492.07,False
2016-05-01,4,42,921812.27,304395.17,617417.1,0.0,A,45414.84,False
2016-06-01,4,42,690697.81,309176.22,381521.6,0.0,A,18898.58,False
2016-07-01,4,42,595016.41,314558.1,280458.31,0.0,A,12531.58,False
2016-08-01,4,42,724137.0,227370.71,496766.3,0.0,A,18926.41,False
2016-09-01,4,42,714267.85,286103.49,428164.36,0.0,A,30142.69,False
2016-10-01,4,42,734016.03,252071.77,481944.26,0.0,A,37914.02,False
2016-11-01,4,42,774856.82,248056.42,526800.41,0.0,A,40583.12,False
2016-12-01,4,42,925671.12,362054.46,563616.66,0.0,A,54344.07,False
2016-01-01,15,41,957338.1199999999,335318.93,622019.19,0.0,A,18778.28,False
2016-02-01,15,41,983429.27,351352.88,632076.39,0.0,A,47597.73,False
2016-03-01,15,41,970703.6,337980.82,632722.78,0.0,A,45573.41,False
2016-04-01,15,41,689187.66,330631.89,358555.77,0.0,A,25533.39,False
2016-05-01,15,41,711548.91,277059.73,434489.18,0.0,A,42316.61,False
2016-06-01,15,41,745595.14,263186.56,482408.58,0.0,A,15041.99,False
2016-07-01,15,41,803930.84,229028.06,574902.78,0.0,A,45275.76,False
2016-08-01,15,41,839271.63,298873.97,540397.66,0.0,A,46991.63,False
2016-09-01,15,41,639853.05,353558.75,286294.3,0.0,A,18805.67,False
2016-10-01,15,41,572732.19,400389.91,172342.28,0.0,A,9199.21,False
2016-11-01,15,41,791792.51,316438.41,475354.1,0.0,A,40575.66,False
2016-12-01,15,41,618832.72,401744.09,217088.63,,A,7990.38,False
2016-01-01,17,84,361252.47,105191.28,256061.19,0.0,B,15605.01,False
2016-02-01,17,84,350536.95,115305.13,235231.82,0.0,B,15618.61,False
2016-03-01,17,84,428678.38,141750.27,286928.11,0.0,B,22545.94,False
2016-04-01,17,84,422676.7,86707.43,335969.27,0.0,B,12216.52,False
2016-05-01,17,84,493961.79,118065.74,375896.04,0.0,B,17269.85,False
2016-06-01,17,84,369163.32,146526.72,222636.6,0.0,B,13073.47,False
2016-07-01,17,84,420372.08,108038.12,312333.96,0.0,B,22997.35,False
2016-08-01,17,84,342495.84,84996.75,257499.09,0.0,B,23712.38,False
2016-09-01,17,84,375008.92,113339.88,261669.04,0.0,B,19185.01,False
2016-10-01,17,84,309616.97,123045.72,186571.26,0.0,B,7340.14,False
2016-11-01,17,84,300628.4,85902.74,214725.66,0.0,B,21180.67,False
2016-12-01,17,84,294586.19,92096.91,202489.28,0.0,B,18431.59,False
2016-01-01,40,33,623269.97,64463.15,558806.82,0.0,E,36428.87,False
2016-02-01,40,33,808851.54,80589.56,728261.98,0.0,E,68867.63,False
2016-03-01,40,33,648887.78,71616.29,577271.49,0.0,E,39194.8,False
2016-04-01,40,33,868175.86,92253.72,775922.13,0.0,E,73426.62,False
2016-05-01,40,33,538134.83,72056.89,466077.95,0.0,E,41058.12,False
2016-06-01,40,33,800957.47,70831.8,730125.67,0.0,E,71391.72,False
2016-07-01,40,33,502225.85,61330.69,440895.16,0.0,E,41613.8,False
2016-08-01,40,33,611091.75,86416.27,524675.49,0.0,E,17063.69,False
2016-09-01,40,33,663438.22,81967.8,581470.41,0.0,E,24557.84,False
2016-10-01,40,33,669731.53,70279.71,599451.82,0.0,E,34312.28,False
2016-11-01,40,33,476142.27,89842.43,386299.83,0.0,E,37335.87,False
2016-12-01,40,33,834713.64,91699.11,743014.54,0.0,E,37895.25,False
2016-01-01,38,45,478778.06,157714.18,321063.88,0.0,D,13238.34,False
2016-02-01,38,45,563040.63,118194.76,444845.87,0.0,D,40944.2,False
2016-03-01,38,45,583291.98,131873.6,451418.37,0.0,D,27648.3,False
2016-04-01,38,45,614034.88,101554.59,512480.29,0.0,D,47943.19,False
2016-05-01,38,45,470454.31,95601.85,374852.46,0.0,D,15449.97,False
2016-06-01,38,45,512423.63,103837.12,408586.51,0.0,D,31166.25,False
2016-07-01,38,45,411606.2,121008.54,290597.66,0.0,D,17673.7,False
2016-08-01,38,45,663641.66,90564.6,573077.06,0.0,D,20260.61,False
2016-09-01,38,45,496529.86,143748.98,352780.88,0.0,D,27782.35,False
2016-10-01,38,45,544533.89,88316.62,456217.27,0.0,D,21587.25,False
2016-11-01,38,45,399865.32,147156.37,252708.95,0.0,D,8282.05,False
2016-12-01,38,45,545614.55,103101.48,442513.07,0.0,D,15132.22,False
2016-01-01,5,85,,181855.39,797490.81,0.0,E,27334.39,False
2016-02-01,5,85,878236.68,180376.27,697860.4,0.0,E,65278.77,False
2016-03-01,5,85,755773.6,206626.1,549147.5,0.0,E,44915.8,False
2016-04-01,5,85,637226.92,173606.28,463620.63,0.0,E,43053.84,False
2016-05-01,5,85,649371.49,136278.21,513093.28,0.0,E,39549.62,False
2016-06-01,5,85,787223.89,200596.14,586627.74,0.0,E,39319.19,False
2016-07-01,5,85,566377.96,226099.72,340278.24,0.0,E,17460.1,False
2016-08-01,5,85,920560.97,135995.06,784565.91,0.0,E,78344.68,False
2016-09-01,5,85,738817.9,164959.12,573858.78,0.0,E,31764.94,False
2016-10-01,5,85,984725.04,177710.21,807014.82,0.0,E,50797.89,False
2016-11-01,5,85,992770.18,204711.11,788059.07,0.0,E,44507.34,False
2016-12-01,5,85,675495.2,170293.63,505201.57,0.0,E,49796.15,False
2016-01-01,91,65,228985.17,285098.39,-56113.22,1.0,E,-2369.44,False
2016-02-01,91,65,246866.26,344127.03,-97260.77,1.0,E,-5150.85,False
2016-03-01,91,65,294228.42,393836.38,-99607.95,1.0,E,-7732.01,False
2016-04-01,91,65,184209.9,309894.5,-125684.6,1.0,E,-4326.63,False
2016-05-01,91,65,258336.77,267932.32,-9595.55,1.0,E,-695.75,False
2016-06-01,91,65,269685.22,313002.51,-43317.29,1.0,E,-2747.84,False
2016-07-01,91,65,,404206.98,-106006.08,1.0,E,-5287.58,False
2016-08-01,91,65,286938.64,237133.96,49804.68,0.0,E,2325.33,False
2016-09-01,91,65,243061.68,370437.56,-127375.89,1.0,E,-8408.83,False
2016-10-01,91,65,182061.67,309342.77,-127281.1,1.0,E,-7096.55,False
2016-11-01,91,65,241837.06,279981.61,-38144.55,1.0,E,-2363.3,False
2016-12-01,91,65,175349.39,345688.64,-170339.25,1.0,E,-9134.17,False
2016-01-01,59,38,98240.07,219300.76,-121060.69,1.0,C,-11856.03,False
2016-02-01,59,38,83093.55,249760.22,-166666.67,1.0,C,-6556.79,False
2016-03-01,59,38,97561.59,217021.1,-119459.51,1.0,C,-4393.28,False
2016-04-01,59,38,65631.34,293779.0,-228147.65,1.0,C,-12328.51,False
2016-05-01,59,38,91856.63,,-169644.79,1.0,C,-12107.87,False
2016-06-01,59,38,63289.82,311061.78,-247771.95,1.0,C,-18865.94,False
2016-07-01,59,38,74024.94,321652.07,-247627.13,1.0,C,-14314.82,False
2016-08-01,59,38,78074.54,327197.27,-249122.73,1.0,C,-24899.68,False
2016-09-01,59,38,105573.61,335669.13,-230095.52,1.0,C,-12570.7,False
2016-10-01,59,38,97135.62,250100.33,-152964.71,1.0,C,-12313.42,False
2016-11-01,59,38,80959.7,252833.85,-171874.15,1.0,C,-12827.1,False
2016-12-01,59,38,62158.39,321760.27,-259601.89,1.0,C,-22562.98,False
2016-01-01,0,44,39755.26999999996,494186.92,-454431.65,1.0,E,-44686.9,False
2016-02-01,0,44,30622.71,379897.01,-349274.3,1.0,E,-32232.97,False
2016-03-01,0,44,45208.57,429916.93,-384708.36,1.0,E,-32130.59,False
2016-04-01,0,44,45903.43,318069.5,-272166.07,1.0,E,-21467.75,False
2016-05-01,0,44,45336.46,394550.45,-349213.99,1.0,E,-18677.67,False
2016-06-01,0,44,39105.1,367284.47,-328179.37,1.0,E,-13238.1,False
2016-07-01,0,44,52899.36,447799.15,-394899.79,1.0,E,-13578.44,False
2016-08-01,0,44,39952.19,483643.31,-443691.12,1.0,E,-20823.81,False
2016-09-01,0,44,41832.79,351251.31,-309418.53,1.0,E,-18645.47,False
2016-10-01,0,44,48507.95,450024.84,-401516.89,1.0,E,-26716.83,False
2016-11-01,0,44,40242.25,441998.32,-401756.07,1.0,E,-33794.05,False
2016-12-01,0,44,31665.07,292246.6,-260581.53,1.0,E,-25305.56,False
2016-01-01,34,10,16329.960000000006,51022.41,-34692.45,1.0,B,-1325.68,False
2016-02-01,34,10,19216.28,45895.76,-26679.49,1.0,B,-1000.22,False
2016-03-01,34,10,13143.24,36383.17,-23239.93,1.0,B,-1656.51,False
2016-04-01,34,10,20061.06,36648.4,-16587.34,1.0,B,-1363.11,False
2016-05-01,34,10,14964.49,52109.75,-37145.26,1.0,B,-3319.69,False
2016-06-01,34,10,11751.35,34771.69,-23020.34,1.0,B,-2198.63,False
2016-07-01,34,10,13763.86,47194.17,-33430.31,1.0,B,-3304.25,False
2016-08-01,34,10,17600.38,46147.16,-28546.78,1.0,B,-1655.32,False
2016-09-01,34,10,15340.04,39674.95,-24334.91,1.0,B,-1377.93,False
2016-10-01,34,10,13324.11,55478.91,-42154.8,1.0,B,-1700.8,False
2016-11-01,34,10,19211.62,35386.93,-16175.3,1.0,B,-1260.79,False
2016-12-01,34,10,13830.3,50851.39,-37021.09,1.0,B,-2812.62,False
2016-01-01,28,10,53048.50000000001,104438.38,-51389.88,1.0,E,-4642.79,False
2016-02-01,28,10,63103.73,79411.24,-16307.51,1.0,E,-600.25,False
2016-03-01,28,10,66782.99,67720.43,-937.44,1.0,E,-60.79,False
2016-04-01,28,10,50177.57,92599.2,-42421.63,1.0,E,-2998.18,False
2016-05-01,28,10,53140.55,83889.24,-30748.69,1.0,E,-1442.39,False
2016-06-01,28,10,69920.93,86327.48,-16406.55,1.0,E,-686.32,False
2016-07-01,28,10,62769.65,80803.35,-18033.69,1.0,E,-1626.11,False
2016-08-01,28,10,47689.43,76889.74,-29200.31,1.0,E,-995.66,False
2016-09-01,28,10,49353.43,68229.85,-18876.42,1.0,E,-1188.15,False
2016-10-01,28,10,41091.65,100201.9,-59110.25,1.0,E,-2252.6,False
2016-11-01,28,10,47106.68,69420.99,-22314.31,1.0,E,-1383.36,False
2016-12-01,28,10,65888.16,83083.53,-17195.37,1.0,E,-1695.42,False
2016-01-01,50,46,75237.48999999999,80654.76,-5417.27,1.0,C,-323.19,False
2016-02-01,50,46,59273.23,90220.61,-30947.38,1.0,C,-2785.23,False
2016-03-01,50,46,47395.57,79994.0,-32598.44,1.0,C,-1245.65,False
2016-04-01,50,46,76579.96,64717.01,11862.95,0.0,C,581.14,False
2016-05-01,50,46,69734.92,79659.89,-9924.97,1.0,C,-578.28,False
2016-06-01,50,46,74799.04,62362.01,12437.02,0.0,C,721.18,False
2016-07-01,50,46,59355.39,56126.34,3229.05,0.0,C,248.63,False
2016-08-01,50,46,62530.2,77362.78,-14832.57,1.0,C,-802.89,False
2016-09-01,50,46,83560.11,73856.37,9703.74,0.0,C,775.95,False
2016-10-01,50,46,68120.43,58517.98,9602.45,0.0,C,717.72,False
2016-11-01,50,46,49201.87,87722.42,-38520.55,1.0,C,-2231.93,False
2016-12-01,50,46,83332.26,56688.48,26643.78,0.0,C,1604.57,False
2016-01-01,11,63,35613.28999999998,326554.16,-290940.87,1.0,E,-21243.61,False
2016-02-01,11,63,25895.86,341026.92,-315131.05,1.0,E,-10999.0,False
2016-03-01,11,63,31105.25,323485.28,-292380.04,1.0,E,-25603.27,False
2016-04-01,11,63,21743.11,304415.31,-282672.21,1.0,E,-21409.45,False
2016-05-01,11,63,36419.47,412232.18,-375812.71,1.0,E,-30382.19,False
2016-06-01,11,63,27080.47,411245.48,-384165.01,1.0,E,-25963.64,False
2016-07-01,11,63,22980.06,275596.69,-252616.63,1.0,E,-9532.08,False
2016-08-01,11,63,37230.19,297686.36,-260456.17,1.0,E,-15198.27,False
2016-09-01,11,63,22794.53,313088.93,-290294.4,1.0,E,-16946.27,False
2016-10-01,11,63,24782.95,352662.4,-327879.45,1.0,E,-17204.82,False
2016-11-01,11,63,28757.77,248565.7,-219807.94,1.0,E,-7055.07,False
2016-12-01,11,63,25704.77,375150.1,-349445.33,1.0,E,-28517.46,False
2016-01-01,35,15,69815.68,126645.8,-56830.12,1.0,A,-2141.64,False
2016-02-01,35,15,86991.01,129244.42,-42253.41,1.0,A,-3060.9,False
2016-03-01,35,15,77867.95,134461.77,-56593.82,1.0,A,-4483.66,False
2016-04-01,35,15,55914.36,138302.87,-82388.51,1.0,A,-6132.59,False
2016-05-01,35,15,,166585.2,-75205.43,1.0,A,-7305.45,False
2016-06-01,35,15,91091.54,117923.36,-26831.82,1.0,A,-998.97,False
2016-07-01,35,15,77939.5,147065.49,-69125.99,1.0,A,-6269.84,False
2016-08-01,35,15,78882.53,172850.63,-93968.11,1.0,A,-3011.05,False
2016-09-01,35,15,73478.15,142785.12,-69306.97,1.0,A,-4674.35,False
2016-10-01,35,15,67762.87,170548.04,-102785.17,1.0,A,-5992.07,False
2016-11-01,35,15,74625.71,140355.04,-65729.33,1.0,A,-4383.68,False
2016-12-01,35,15,68735.71,113557.24,-44821.53,1.0,A,-2490.15,False
2016-01-01,23,48,164738.60000000003,233155.39,,1.0,E,-2965.16,False
2016-02-01,23,48,182588.6,166943.47,15645.13,0.0,E,490.3,False
2016-03-01,23,48,192346.6,190811.72,1534.88,0.0,E,101.72,False
2016-04-01,23,48,218658.8,159978.21,58680.59,0.0,E,5222.24,False
2016-05-01,23,48,198792.36,186618.62,12173.73,0.0,E,683.25,False
2016-06-01,23,48,136521.47,221979.29,-85457.82,1.0,E,-3896.92,False
2016-07-01,23,48,211154.16,140689.85,70464.31,0.0,E,2511.15,False
2016-08-01,23,48,169111.94,200071.7,-30959.76,1.0,E,-1113.68,False
2016-09-01,23,48,237304.49,241161.17,-3856.69,1.0,E,-175.47,False
2016-10-01,23,48,158138.72,180030.15,-21891.43,1.0,E,-810.0,False
2016-11-01,23,48,218111.49,222279.52,-4168.03,1.0,E,-202.37,False
2016-12-01,23,48,198692.05,143735.27,54956.78,0.0,E,1903.18,False
2016-01-01,52,27,66904.29000000001,122212.8,-55308.51,1.0,B,-1913.25,False
2016-02-01,52,27,72323.53,130010.35,-57686.82,1.0,B,-5188.31,False
2016-03-01,52,27,64114.33,163071.78,-98957.45,1.0,B,-4091.73,False
2016-04-01,52,27,52017.27,125511.79,-73494.52,1.0,B,-5084.19,False
2016-05-01,52,27,71658.33,112116.23,-40457.9,1.0,B,-3404.2,False
2016-06-01,52,27,52408.28,153124.64,-100716.36,1.0,B,-6239.24,False
2016-07-01,52,27,75521.96,,-22020.91,1.0,B,-897.04,False
2016-08-01,52,27,75370.51,139173.82,-63803.31,1.0,B,-2805.54,False
2016-09-01,52,27,68910.68,139581.16,-70670.48,1.0,B,-4262.06,False
2016-10-01,52,27,66853.2,118742.14,-51888.94,1.0,B,-3475.33,False
2016-11-01,52,27,52000.61,140013.34,-88012.72,1.0,B,-4793.24,False
2016-12-01,52,27,60306.57,111661.9,-51355.33,1.0,B,-4349.98,False
2016-01-01,10,436,64737.729999999996,79484.79,-14747.06,1.0,D,-1217.69,False
2016-02-01,10,436,67687.94,74296.47,-6608.53,1.0,D,-627.18,False
2016-03-01,10,436,56714.6,89674.47,-32959.87,1.0,D,-1055.6,False
2016-04-01,10,436,80416.32,63143.86,17272.46,0.0,D,1601.13,False
2016-05-01,10,436,57922.54,55669.62,2252.92,0.0,D,129.5,False
2016-06-01,10,436,72713.17,58034.72,14678.45,0.0,D,1342.87,False
2016-07-01,10,436,68897.65,80312.29,-11414.64,1.0,D,-894.39,False
2016-08-01,10,436,77202.72,58458.8,18743.92,0.0,D,1857.79,False
2016-09-01,10,436,75482.45,69977.56,5504.89,0.0,D,457.73,False
2016-10-01,10,436,82522.39,59992.7,22529.69,0.0,D,1250.81,False
2016-11-01,10,436,70839.07,48790.96,22048.12,0.0,D,1434.77,False
2016-12-01,10,436,63355.96,66479.67,-3123.71,1.0,D,-176.01,False
2016-01-01,31,489,29816.94,55187.57,-25370.63,1.0,E,-1409.18,False
2016-02-01,31,489,27493.72,71098.7,-43604.98,1.0,E,-2104.52,False
2016-03-01,31,489,27472.8,57783.06,-30310.26,1.0,E,-1961.62,False
2016-04-01,31,489,36171.78,56284.96,-20113.18,1.0,E,-1563.23,False
2016-05-01,31,489,24121.94,42201.69,-18079.75,1.0,E,-893.39,False
2016-06-01,31,489,21677.23,71011.38,-49334.15,1.0,E,-3290.91,False
2016-07-01,31,489,29980.58,74827.06,-44846.49,1.0,E,-1713.88,False
2016-08-01,31,489,35817.08,49335.04,-13517.96,1.0,E,-556.79,False
2016-09-01,31,489,28836.66,53070.63,-24233.97,1.0,E,-806.42,False
2016-10-01,31,489,21880.74,46761.78,-24881.04,1.0,E,-2437.13,False
2016-11-01,31,489,22339.81,63538.1,-41198.3,1.0,E,-1247.08,False
2016-12-01,31,489,28377.81,43747.17,-15369.37,1.0,E,-653.21,False
2016-01-01,66,206,316297.87,328164.79,-11866.92,1.0,A,-865.11,False
2016-02-01,66,206,228314.94,233975.56,-5660.61,1.0,A,-202.06,False
2016-03-01,66,206,201047.84,342384.89,-141337.05,1.0,A,-12965.24,False
2016-04-01,66,206,244582.22,263994.49,-19412.27,1.0,A,-1560.23,False
2016-05-01,66,206,,,,,A,,True
2016-06-01,66,206,,,,,A,,True
2016-07-01,66,206,,,,,A,,True
2016-08-01,66,206,,,,,A,,True
2016-09-01,66,206,,,,,A,,True
2016-10-01,66,206,,,,,A,,True
2016-11-01,66,206,,,,,A,,True
2016-12-01,66,206,,,,,A,,True
2016-01-01,57,143,41674.98999999999,69091.48,-27416.49,1.0,E,-1536.26,False
2016-02-01,57,143,53203.07,56032.03,-2828.95,1.0,E,-85.14,False
2016-03-01,57,143,53188.76,77689.59,-24500.83,1.0,E,-1159.82,False
2016-04-01,57,143,62300.4,86188.05,-23887.64,1.0,E,-1248.76,False
2016-05-01,57,143,61638.0,80075.17,-18437.17,1.0,E,-1661.45,False
2016-06-01,57,143,53014.2,58317.2,-5303.0,1.0,E,-329.29,False
2016-07-01,57,143,40610.06,73787.92,-33177.86,1.0,E,-2027.87,False
2016-08-01,57,143,56445.56,62623.78,-6178.23,1.0,E,-330.7,False
2016-09-01,57,143,46971.0,87008.33,-40037.34,1.0,E,-3669.32,False
2016-10-01,57,143,38460.68,93704.82,-55244.14,1.0,E,-5311.83,False
2016-11-01,57,143,50803.97,82862.65,-32058.68,1.0,E,-3187.67,False
2016-12-01,57,143,47810.82,74315.45,-26504.64,1.0,E,-1494.12,False
2016-01-01,79,132,57757.56999999999,98291.18,-40533.61,1.0,D,-3957.31,False
2016-02-01,79,132,44723.83,81222.51,-36498.69,1.0,D,-3118.14,False
2016-03-01,79,132,49753.03,99284.77,-49531.73,1.0,D,-3828.72,False
2016-04-01,79,132,54883.02,75315.3,-20432.28,1.0,D,-963.22,False
2016-05-01,79,132,66402.14,83031.59,-16629.46,1.0,D,-750.85,False
2016-06-01,79,132,58050.81,74444.43,-16393.62,1.0,D,-682.36,False
2016-07-01,79,132,65649.79,69999.36,-4349.56,1.0,D,-411.44,False
2016-08-01,79,132,54403.73,92168.05,-37764.32,1.0,D,-1910.32,False
2016-09-01,79,132,47218.8,107847.42,-60628.62,1.0,D,-3741.79,False
2016-10-01,79,132,54743.24,77436.38,-22693.13,1.0,D,-1465.46,False
2016-11-01,79,132,43189.15,84844.82,-41655.67,1.0,D,-3518.74,False
2016-12-01,79,132,51839.32,63876.75,-12037.43,1.0,D,-1072.49,False
2016-01-01,85,477,82039.33,184362.59,-102323.26,1.0,E,-4065.82,False
2016-02-01,85,477,96843.16,232699.05,,1.0,E,-8135.5,False
2016-03-01,85,477,68990.16,195762.93,-126772.77,1.0,E,-11282.76,False
2016-04-01,85,477,107062.07,155565.16,-48503.09,1.0,E,-4232.49,False
2016-05-01,85,477,111168.67,186761.45,-75592.77,1.0,E,-2809.7,False
2016-06-01,85,477,110330.1,217704.05,-107373.95,1.0,E,-4396.62,False
2016-07-01,85,477,82293.44,218980.55,-136687.11,1.0,E,-7011.22,False
2016-08-01,85,477,81064.94,226019.32,-144954.39,1.0,E,-5113.29,False
2016-09-01,85,477,119337.85,211378.75,-92040.91,1.0,E,-5497.27,False
2016-10-01,85,477,108584.21,145236.11,-36651.9,1.0,E,-1375.66,False
2016-11-01,85,477,110365.15,236953.97,-126588.82,1.0,E,-8832.76,False
2016-12-01,85,477,81502.26,218442.77,-136940.51,1.0,E,-6471.67,False
2016-01-01,32,358,244773.74,410496.61,-165722.87,1.0,B,-11890.67,False
2016-02-01,32,358,174687.56,377856.48,-203168.92,1.0,B,-7766.5,False
2016-03-01,32,358,172889.19,285357.52,-112468.33,1.0,B,-11056.97,False
2016-04-01,32,358,207028.4,284118.8,-77090.4,1.0,B,-7345.12,False
2016-05-01,32,358,180600.12,258463.96,-77863.83,1.0,B,-4471.39,False
2016-06-01,32,358,140403.61,407129.37,-266725.75,1.0,B,-12523.44,False
2016-07-01,32,358,159155.8,288522.31,-129366.51,1.0,B,-6148.52,False
2016-08-01,32,358,165997.55,257383.45,-91385.89,1.0,B,-5833.85,False
2016-09-01,32,358,130868.27,242829.46,-111961.19,1.0,B,-3672.27,False
2016-10-01,32,358,168246.03,343285.84,-175039.81,1.0,B,-13089.36,False
2016-11-01,32,358,143020.23,296026.08,-153005.85,1.0,B,-8963.27,False
2016-12-01,32,358,205457.22,315923.82,-110466.61,1.0,B,-6232.36,False
2016-01-01,84,422,18687.2,48550.64,-29863.44,1.0,B,-2587.83,False
2016-02-01,84,422,14219.09,41557.01,-27337.92,1.0,B,-2176.99,False
2016-03-01,84,422,20875.37,37373.8,-16498.43,1.0,B,-1597.1,False
2016-04-01,84,422,22204.75,53856.96,-31652.21,1.0,B,-1729.34,False
2016-05-01,84,422,23360.11,53353.12,-29993.01,1.0,B,-2784.19,False
2016-06-01,84,422,14341.46,35380.76,-21039.3,1.0,B,-1765.15,False
2016-07-01,84,422,23899.28,58476.31,-34577.03,1.0,B,-1902.42,False
2016-08-01,84,422,20989.47,,-16533.35,1.0,B,-1215.48,False
2016-09-01,84,422,16257.7,41003.98,-24746.28,1.0,B,-1242.26,False
2016-10-01,84,422,24812.54,52331.02,-27518.48,1.0,B,-2509.91,False
2016-11-01,84,422,19647.58,44297.04,-24649.46,1.0,B,-933.47,False
2016-12-01,84,422,15727.68,33989.92,-18262.24,1.0,B,-819.43,False
2016-01-01,14,158,241181.92,418972.45,-177790.53,1.0,D,-7611.63,False
2016-02-01,14,158,200783.36,427012.74,-226229.38,1.0,D,-13169.22,False
2016-03-01,14,158,174092.93,336461.93,-162369.01,1.0,D,-13341.26,False
2016-04-01,14,158,242857.17,346694.23,-103837.06,1.0,D,-6944.99,False
2016-05-01,14,158,,,,,D,,True
2016-06-01,14,158,,,,,D,,True
2016-07-01,14,158,,,,,D,,True
2016-08-01,14,158,,,,,D,,True
2016-09-01,14,158,,,,,D,,True
2016-10-01,14,158,,,,,D,,True
2016-11-01,14,158,,,,,D,,True
2016-12-01,14,158,,,,,D,,True
2016-01-01,89,392,13950.099999999999,48049.2,-34099.1,1.0,E,-2939.43,False
2016-02-01,89,392,12697.05,38832.92,-26135.87,1.0,E,-1075.24,False
2016-03-01,89,392,12348.54,44650.23,-32301.69,1.0,E,-2338.64,False
2016-04-01,89,392,10992.93,50548.54,-39555.62,1.0,E,-1506.92,False
2016-05-01,89,392,11186.03,32651.54,-21465.51,1.0,E,-1737.68,False
2016-06-01,89,392,10297.98,39231.0,-28933.02,1.0,E,-2159.05,False
2016-07-01,89,392,12288.96,30609.39,-18320.44,1.0,E,-1590.87,False
2016-08-01,89,392,8923.02,45794.35,-36871.33,1.0,E,-2343.43,False
2016-09-01,89,392,10641.27,34698.47,-24057.21,1.0,E,-2262.35,False
2016-10-01,89,392,10996.89,29167.7,-18170.81,1.0,E,-607.89,False
2016-11-01,89,392,13549.91,49194.28,-35644.37,1.0,E,-1800.12,False
2016-12-01,89,392,12079.6,44284.49,-32204.89,1.0,E,-2578.12,False
2016-01-01,19,459,92466.47999999998,488229.73,-395763.25,1.0,E,-23455.96,False
2016-02-01,19,459,92668.23,347992.07,-255323.83,1.0,E,-10750.82,False
2016-03-01,19,459,73202.32,497655.16,-424452.84,1.0,E,-15919.0,False
2016-04-01,19,459,75316.93,390477.5,-315160.57,1.0,E,-27486.33,False
2016-05-01,19,459,60609.2,374853.19,-314243.99,1.0,E,-19835.08,False
2016-06-01,19,459,89994.5,377304.51,-287310.01,1.0,E,-26363.53,False
2016-07-01,19,459,84850.14,424340.6,-339490.46,1.0,E,-27610.84,False
2016-08-01,19,459,90121.81,453355.9,-363234.09,1.0,E,-21314.88,False
2016-09-01,19,459,59842.91,372517.58,-312674.66,1.0,E,-17555.36,False
2016-10-01,19,459,68966.77,370613.98,-301647.21,1.0,E,-19937.28,False
2016-11-01,19,459,71664.33,422796.77,-351132.44,1.0,E,-32386.42,False
2016-12-01,19,459,79297.15,407687.33,-328390.18,1.0,E,-26799.76,False
2016-01-01,29,220,43755.51000000001,234325.6,-190570.09,1.0,E,-5785.84,False
2016-02-01,29,220,33278.37,302969.2,-269690.82,1.0,E,-21195.28,False
2016-03-01,29,220,49678.9,211973.87,-162294.97,1.0,E,-15315.05,False
2016-04-01,29,220,30738.55,194645.09,-163906.53,1.0,E,-13068.58,False
2016-05-01,29,220,32504.05,239449.39,-206945.34,1.0,E,-8772.5,False
2016-06-01,29,220,32744.65,235581.07,-202836.42,1.0,E,-12950.35,False
2016-07-01,29,220,26734.3,273055.75,-246321.45,1.0,E,-9809.04,False
2016-08-01,29,220,36593.72,249533.75,-212940.03,1.0,E,-11739.31,False
2016-09-01,29,220,25124.13,186847.11,-161722.97,1.0,E,-15460.42,False
2016-10-01,29,220,31332.77,218571.58,-187238.81,1.0,E,-17718.67,False
2016-11-01,29,220,31797.11,245784.87,-213987.76,1.0,E,-10656.29,False
2016-12-01,29,220,31008.93,259122.44,-228113.51,1.0,E,-12266.62,False
2016-01-01,49,368,299266.5,488380.54,-189114.04,1.0,E,-13619.03,False
2016-02-01,49,368,245282.86,398566.03,-153283.17,1.0,E,-14933.43,False
2016-03-01,49,368,256903.18,439324.65,-182421.47,1.0,E,-7359.99,False
2016-04-01,49,368,190299.5,324310.12,-134010.62,1.0,E,-6430.39,False
2016-05-01,49,368,201492.04,331423.78,-129931.75,1.0,E,-11843.15,False
2016-06-01,49,368,223269.32,346631.74,-123362.42,1.0,E,-7948.54,False
2016-07-01,49,368,281102.38,288032.29,-6929.91,1.0,E,-643.98,False
2016-08-01,49,368,194386.66,308198.15,-113811.49,1.0,E,-4892.33,False
2016-09-01,49,368,251349.52,461020.23,-209670.71,1.0,E,-14108.07,False
2016-10-01,49,368,281457.36,306131.7,-24674.34,1.0,E,-1303.76,False
2016-11-01,49,368,270929.61,369537.81,-98608.2,1.0,E,-5143.2,False
2016-12-01,49,368,278424.77,347549.37,-69124.6,1.0,E,-4236.05,False
2016-01-01,97,183,198588.74,302422.76,-103834.02,1.0,B,-6262.79,False
2016-02-01,97,183,226184.43,363813.35,-137628.92,1.0,B,-7571.56,False
2016-03-01,97,183,260512.1,332199.83,-71687.73,1.0,B,-6742.08,False
2016-04-01,97,183,169934.0,316883.27,-146949.27,1.0,B,-11935.53,False
2016-05-01,97,183,235955.15,375313.71,-139358.56,1.0,B,-11278.05,False
2016-06-01,97,183,270682.18,348361.36,-77679.18,1.0,B,-3906.79,False
2016-07-01,97,183,247186.04,330972.44,-83786.39,1.0,B,-5901.88,False
2016-08-01,97,183,192383.96,343706.83,-151322.87,1.0,B,-12793.22,False
2016-09-01,97,183,184560.56,388271.3,-203710.74,1.0,B,-17456.24,False
2016-10-01,97,183,263628.18,,-89701.48,1.0,B,-4854.39,False
2016-11-01,97,183,248526.08,398838.0,-150311.92,1.0,B,-12620.35,False
2016-12-01,97,183,270014.45,401654.31,-131639.86,1.0,B,-10730.3,False
2016-01-01,98,192,176140.99999999997,369631.79,-193490.79,1.0,A,-7721.34,False
2016-02-01,98,192,220368.11,296317.09,-75948.98,1.0,A,-6882.21,False
2016-03-01,98,192,247863.4,297504.73,-49641.34,1.0,A,-3022.79,False
2016-04-01,98,192,221334.72,367566.32,-146231.6,1.0,A,-9365.95,False
2016-05-01,98,192,192044.0,404628.94,-212584.94,1.0,A,-13049.71,False
2016-06-01,98,192,272137.5,403971.39,-131833.89,1.0,A,-9195.31,False
2016-07-01,98,192,186900.96,347760.41,-160859.45,1.0,A,-11820.25,False
2016-08-01,98,192,258155.34,324846.4,-66691.06,1.0,A,-4326.42,False
2016-09-01,98,192,181626.42,246385.23,-64758.81,1.0,A,-5872.02,False
2016-10-01,98,192,196363.05,350497.08,-154134.03,1.0,A,-11396.89,False
2016-11-01,98,192,259639.03,277258.07,-17619.04,1.0,A,-1023.67,False
2016-12-01,98,192,272587.12,328438.24,-55851.12,1.0,A,-3304.62,False
2016-01-01,69,485,1760.010000000002,19593.9,-17833.89,1.0,E,-1547.25,False
2016-02-01,69,485,1942.32,25078.81,-23136.49,1.0,E,-1258.01,False
2016-03-01,69,485,1849.43,22318.22,-20468.78,1.0,E,-917.04,False
2016-04-01,69,485,,,,,E,,True
2016-05-01,69,485,,,,,E,,True
2016-06-01,69,485,,,,,E,,True
2016-07-01,69,485,,,,,E,,True
2016-08-01,69,485,,,,,E,,True
2016-09-01,69,485,,,,,E,,True
2016-10-01,69,485,,,,,E,,True
2016-11-01,69,485,,,,,E,,True
2016-12-01,69,485,,,,,E,,True
2016-01-01,20,499,107127.83000000002,141403.48,-34275.65,1.0,B,-3380.74,False
2016-02-01,20,499,78720.8,156352.81,-77632.0,1.0,B,-2853.1,False
2016-03-01,20,499,102406.39,122257.96,-19851.56,1.0,B,-1795.43,False
2016-04-01,20,499,103981.24,105106.24,-1125.01,,B,-78.36,False
2016-05-01,20,499,110560.44,95401.49,15158.95,0.0,B,845.18,False
2016-06-01,20,499,111832.66,120821.91,-8989.25,1.0,B,-485.1,False
2016-07-01,20,499,111977.72,121814.09,-9836.36,1.0,B,-816.57,False
2016-08-01,20,499,117281.47,111113.5,6167.97,0.0,B,320.86,False
2016-09-01,20,499,78066.78,98192.09,-20125.31,1.0,B,-1529.77,False
2016-10-01,20,499,73056.97,145114.46,-72057.49,1.0,B,-4771.13,False
2016-11-01,20,499,100077.76,144238.59,-44160.83,1.0,B,-2823.98,False
2016-12-01,20,499,71933.09,115175.74,-43242.65,1.0,B,-4025.08,False
2016-01-01,94,200,52692.39,60098.28,-7405.89,1.0,A,-509.71,False
2016-02-01,94,200,63613.14,54412.23,9200.91,0.0,A,808.58,False
2016-03-01,94,200,61982.84,47594.22,14388.62,0.0,A,1162.46,False
2016-04-01,94,200,57461.55,49796.07,7665.48,0.0,A,250.65,False
2016-05-01,94,200,74291.29,39381.9,34909.38,0.0,A,2936.5,False
2016-06-01,94,200,70244.96,47355.09,22889.87,0.0,A,1034.19,False
2016-07-01,94,200,65507.59,51070.33,14437.26,0.0,A,1345.85,False
2016-08-01,94,200,49106.51,63830.44,-14723.93,1.0,A,-485.96,False
2016-09-01,94,200,52000.44,64976.88,-12976.43,1.0,A,-691.84,False
2016-10-01,94,200,54626.18,48193.19,6432.99,0.0,A,237.9,False
2016-11-01,94,200,60780.08,65313.53,-4533.45,1.0,A,-286.93,False
2016-12-01,94,200,77448.73,48726.56,,0.0,A,2510.36,False
2016-01-01,72,154,136725.12,148070.1,-11344.98,1.0,E,-577.15,False
2016-02-01,72,154,116272.74,156669.25,-40396.51,1.0,E,-1638.7,False
2016-03-01,72,154,114371.75,194658.34,-80286.58,1.0,E,-4264.72,False
2016-04-01,72,154,,122304.87,33136.46,0.0,E,2881.93,False
2016-05-01,72,154,127638.88,176371.25,-48732.36,1.0,E,-1940.86,False
2016-06-01,72,154,129778.14,113711.19,16066.95,0.0,E,737.72,False
2016-07-01,72,154,155051.65,137684.05,17367.61,,E,604.73,False
2016-08-01,72,154,162039.38,141726.42,20312.96,0.0,E,1612.84,False
2016-09-01,72,154,127447.77,176360.82,,1.0,E,-2820.64,False
2016-10-01,72,154,176514.91,162294.51,14220.4,0.0,E,736.03,False
2016-11-01,72,154,163468.15,153564.81,9903.34,0.0,E,795.28,False
2016-12-01,72,154,143301.7,130060.95,13240.75,0.0,E,708.62,False
2016-01-01,77,497,50011.69,59363.86,-9352.17,1.0,E,-757.0,False
2016-02-01,77,497,48280.71,47781.48,499.23,0.0,E,43.46,False
2016-03-01,77,497,60912.04,63798.14,-2886.1,1.0,E,-130.56,False
2016-04-01,77,497,50158.72,54151.21,-3992.48,1.0,E,-391.93,False
2016-05-01,77,497,38129.28,66706.9,-28577.62,1.0,E,-1182.11,False
2016-06-01,77,497,56625.04,42052.35,14572.69,0.0,E,733.86,False
2016-07-01,77,497,60203.97,41620.03,18583.94,0.0,E,791.41,False
2016-08-01,77,497,63388.34,66487.34,-3099.0,1.0,E,-167.92,False
2016-09-01,77,497,51404.74,51308.77,95.97,0.0,E,6.1,False
2016-10-01,77,497,50604.73,64365.94,-13761.21,1.0,E,-915.84,False
2016-11-01,77,497,63343.6,54955.79,8387.81,0.0,E,752.83,False
2016-12-01,77,497,40229.51,,-2460.96,1.0,E,-227.05,False
2016-01-01,25,222,142801.97,158991.59,-16189.62,1.0,B,-735.13,False
2016-02-01,25,222,140370.8,150397.02,-10026.22,1.0,B,-737.96,False
2016-03-01,25,222,102123.56,122056.92,-19933.36,1.0,B,-753.58,False
2016-04-01,25,222,146015.53,128341.04,17674.49,0.0,B,1098.08,False
2016-05-01,25,222,170994.22,136630.89,34363.33,0.0,B,1806.25,False
2016-06-01,25,222,155692.16,146136.55,9555.61,0.0,B,498.37,False
2016-07-01,25,222,136799.21,127982.84,8816.37,0.0,B,562.32,False
2016-08-01,25,222,128681.91,138778.02,-10096.11,1.0,B,-818.67,False
2016-09-01,25,222,162793.4,148295.51,14497.89,0.0,B,505.15,False
2016-10-01,25,222,105845.79,145645.61,-39799.82,1.0,B,-3643.36,False
2016-11-01,25,222,125990.78,134720.16,-8729.38,1.0,B,-710.89,False
2016-12-01,25,222,132644.95,149799.07,-17154.12,1.0,B,-726.56,False
2016-01-01,37,185,191199.45,207131.5,-15932.05,1.0,E,-1525.35,False
2016-02-01,37,185,199128.04,208200.31,-9072.27,1.0,E,-593.71,False
2016-03-01,37,185,166695.04,243072.93,-76377.89,1.0,E,-7636.77,False
2016-04-01,37,185,152697.36,192251.33,-39553.97,1.0,E,-1732.79,False
2016-05-01,37,185,136776.18,159261.15,-22484.96,1.0,E,-1516.47,False
2016-06-01,37,185,197326.79,176506.58,20820.22,0.0,E,1047.62,False
2016-07-01,37,185,168916.35,237305.7,-68389.35,1.0,E,-3507.84,False
2016-08-01,37,185,155763.17,227205.77,-71442.6,1.0,E,-5099.19,False
2016-09-01,37,185,147386.1,216620.53,-69234.43,1.0,E,-6544.06,False
2016-10-01,37,185,170524.08,252480.45,-81956.37,1.0,E,-7078.45,False
2016-11-01,37,185,164210.17,231151.62,-66941.44,1.0,E,-5400.56,False
2016-12-01,37,185,172856.41,216140.28,-43283.87,1.0,E,-2992.74,False
2016-01-01,81,304,17339.07,32073.75,-14734.68,1.0,A,-1393.32,False
2016-02-01,81,304,15377.46,29324.74,-13947.28,1.0,A,-899.12,False
2016-03-01,81,304,19718.25,32227.11,-12508.86,1.0,A,-1140.41,False
2016-04-01,81,304,17172.96,39639.86,-22466.9,1.0,A,-1985.6,False
2016-05-01,81,304,13212.21,38622.49,-25410.28,1.0,A,-1142.66,False
2016-06-01,81,304,18413.63,28336.03,-9922.4,1.0,A,-833.34,False
2016-07-01,81,304,16997.79,43126.51,-26128.72,1.0,A,-806.12,False
2016-08-01,81,304,21067.15,44871.27,-23804.13,1.0,A,-1252.05,False
2016-09-01,81,304,19542.05,43098.05,-23556.0,1.0,A,-1085.22,False
2016-10-01,81,304,18561.76,36488.01,-17926.25,1.0,A,-1173.82,False
2016-11-01,81,304,12973.33,41845.69,-28872.36,1.0,A,-2355.4,False
2016-12-01,81,304,13274.21,26968.44,-13694.23,1.0,A,-504.46,False
2016-01-01,46,425,135480.8,346236.06,-210755.26,1.0,E,-13919.24,False
2016-02-01,46,425,162928.76,294494.4,-131565.64,1.0,E,-12589.36,False
2016-03-01,46,425,168732.55,379387.15,-210654.6,1.0,E,-9691.22,False
2016-04-01,46,425,183417.15,294535.89,-111118.73,1.0,E,-8600.58,False
2016-05-01,46,425,154248.85,411335.52,-257086.67,1.0,E,-18382.11,False
2016-06-01,46,425,163788.62,312116.89,-148328.26,1.0,E,-4554.34,False
2016-07-01,46,425,196443.76,262001.25,-65557.49,1.0,E,-4150.3,False
2016-08-01,46,425,190778.28,290189.87,-99411.59,1.0,E,-7914.55,False
2016-09-01,46,425,187494.05,351130.38,-163636.33,1.0,E,-5412.81,False
2016-10-01,46,425,173560.19,382103.97,-208543.77,1.0,E,-19095.62,False
2016-11-01,46,425,219921.07,324140.87,-104219.8,1.0,E,-6920.79,False
2016-12-01,46,425,161144.39,419645.11,-258500.72,1.0,E,-8309.83,False
2016-01-01,39,363,199807.3,283300.73,-83493.43,1.0,B,-3816.4,False
2016-02-01,39,363,207072.32,200424.44,6647.88,0.0,B,643.23,False
2016-03-01,39,363,150507.92,181587.01,-31079.09,1.0,B,-2199.23,False
2016-04-01,39,363,192281.79,246813.12,-54531.33,1.0,B,-2046.18,False
2016-05-01,39,363,180742.25,170176.58,10565.67,0.0,B,529.64,False
2016-06-01,39,363,239501.47,277744.62,-38243.15,1.0,B,-2369.9,False
2016-07-01,39,363,173563.41,161762.87,11800.54,0.0,B,371.32,False
2016-08-01,39,363,235740.96,281659.04,-45918.08,1.0,B,-2700.58,False
2016-09-01,39,363,208760.98,170254.31,38506.67,0.0,B,2474.52,False
2016-10-01,39,363,180465.13,226906.54,-46441.42,1.0,B,-2185.41,False
2016-11-01,39,363,145913.51,180617.49,-34703.98,1.0,B,-2471.09,False
2016-12-01,39,363,155288.09,186507.22,-31219.12,1.0,B,-2582.66,False
2016-01-01,65,148,36575.2,132694.75,-96119.55,1.0,A,-4470.37,False
2016-02-01,65,148,41876.58,119630.94,-77754.36,1.0,A,-5709.89,False
2016-03-01,65,148,47908.04,91297.68,-43389.64,1.0,A,-3244.4,False
2016-04-01,65,148,49591.78,110841.29,-61249.51,1.0,A,-5904.32,False
2016-05-01,65,148,42059.53,130987.71,-88928.18,1.0,A,-7512.59,False
2016-06-01,65,148,35988.49,121729.94,-85741.46,1.0,A,-7663.93,False
2016-07-01,65,148,48270.6,83862.45,-35591.85,1.0,A,-2289.6,False
2016-08-01,65,148,39205.13,143430.81,-104225.69,1.0,A,-4479.04,False
2016-09-01,65,148,54086.0,131866.79,-77780.78,1.0,A,-7755.29,False
2016-10-01,65,148,,,,,A,,True
2016-11-01,65,148,,,,,A,,True
2016-12-01,65,148,,,,,A,,True
2016-01-01,58,228,212341.57,261624.03,-49282.46,1.0,E,-4734.54,False
2016-02-01,58,228,154461.06,227228.29,-72767.23,1.0,E,-7098.06,False
2016-03-01,58,228,153150.07,177057.23,-23907.16,1.0,E,-1921.11,False
2016-04-01,58,228,162791.32,257614.76,-94823.43,1.0,E,-5167.83,False
2016-05-01,58,228,204414.08,167068.09,37345.99,0.0,E,1785.39,False
2016-06-01,58,228,159274.26,279436.58,-120162.32,1.0,E,-5836.43,False
2016-07-01,58,228,,,,,E,,True
2016-08-01,58,228,,,,,E,,True
2016-09-01,58,228,,,,,E,,True
2016-10-01,58,228,,,,,E,,True
2016-11-01,58,228,,,,,E,,True
2016-12-01,58,228,,,,,E,,True
2016-01-01,12,232,39900.58,46970.26,-7069.68,1.0,B,-224.1,False
2016-02-01,12,232,33679.21,59740.42,-26061.21,1.0,B,-1566.49,False
2016-03-01,12,232,26090.33,64366.43,-38276.1,1.0,B,-2895.54,False
2016-04-01,12,232,31862.21,48401.97,-16539.76,1.0,B,-1484.07,False
2016-05-01,12,232,26577.21,54540.99,-27963.78,1.0,B,-1769.34,False
2016-06-01,12,232,39676.5,57636.7,-17960.2,1.0,B,-1757.31,False
2016-07-01,12,232,31260.14,40750.87,-9490.72,1.0,B,-461.19,False
2016-08-01,12,232,42455.79,63190.41,-20734.62,1.0,B,-641.65,False
2016-09-01,12,232,36397.91,59639.41,-23241.5,1.0,B,-1484.26,False
2016-10-01,12,232,32138.58,58617.88,-26479.3,1.0,B,-1269.1,False
2016-11-01,12,232,41625.73,69992.27,-28366.54,1.0,B,-2486.62,False
2016-12-01,12,232,37775.64,47735.39,-9959.75,1.0,B,-461.08,False
2016-01-01,88,457,257747.28,287973.25,-30225.97,1.0,E,-1564.01,False
2016-02-01,88,457,234894.2,251321.96,-16427.75,1.0,E,-1402.7,False
2016-03-01,88,457,221283.87,214751.14,6532.73,0.0,E,523.01,False
2016-04-01,88,457,231328.05,317268.22,-85940.17,1.0,E,-5935.34,False
2016-05-01,88,457,183580.33,327462.19,-143881.86,1.0,E,-11416.5,False
2016-06-01,88,457,255579.4,310191.29,-54611.9,1.0,E,-3238.74,False
2016-07-01,88,457,204605.4,265946.47,-61341.07,1.0,E,-1863.03,False
2016-08-01,88,457,251987.06,223562.77,28424.29,0.0,E,875.32,False
2016-09-01,88,457,213406.0,286875.32,-73469.32,1.0,E,-4833.22,False
2016-10-01,88,457,261863.73,251034.3,10829.43,0.0,E,388.02,False
2016-11-01,88,457,187850.36,220047.06,-32196.71,1.0,E,-1081.01,False
2016-12-01,88,457,248748.24,307928.18,-59179.94,1.0,E,-5775.14,False
2016-01-01,70,281,274050.0,464648.1,-190598.1,1.0,C,-17178.64,False
2016-02-01,70,281,250898.45,490721.99,-239823.54,1.0,C,-9746.89,False
2016-03-01,70,281,207168.73,443040.41,-235871.69,1.0,C,-7087.12,False
2016-04-01,70,281,191702.56,406622.75,-214920.19,1.0,C,-20614.45,False
2016-05-01,70,281,291159.47,374724.76,-83565.29,1.0,C,-4135.04,False
2016-06-01,70,281,221615.46,483704.4,-262088.94,1.0,C,-11273.19,False
2016-07-01,70,281,175106.19,456006.0,-280899.82,1.0,C,-22024.11,False
2016-08-01,70,281,161849.39,423927.02,-262077.63,1.0,C,-9860.22,False
2016-09-01,70,281,242980.01,348352.26,-105372.25,1.0,C,-5113.24,False
2016-10-01,70,281,193027.87,494639.74,-301611.87,1.0,C,-29635.37,False
2016-11-01,70,281,282703.63,376583.51,-93879.88,1.0,C,-7018.68,False
2016-12-01,70,281,279197.58,437664.32,-158466.74,1.0,C,-10529.71,False
2016-01-01,87,989,151282.80000000002,159284.48,-8001.68,1.0,E,-462.93,False
2016-02-01,87,989,163423.05,170855.88,-7432.83,1.0,E,-625.96,False
2016-03-01,87,989,201594.11,165565.36,36028.75,0.0,E,1436.36,False
2016-04-01,87,989,186277.95,163578.39,22699.56,0.0,E,2218.06,False
2016-05-01,87,989,168777.87,170463.25,-1685.38,1.0,E,-152.15,False
2016-06-01,87,989,216039.09,149088.19,66950.9,0.0,E,4903.22,False
2016-07-01,87,989,204214.54,149228.4,54986.14,0.0,E,1814.73,False
2016-08-01,87,989,207151.26,203264.69,3886.57,0.0,E,307.27,False
2016-09-01,87,989,188245.71,128507.33,59738.38,0.0,E,5611.22,False
2016-10-01,87,989,170410.21,210855.72,-40445.51,1.0,E,-2698.54,False
2016-11-01,87,989,220487.57,117851.66,102635.91,0.0,E,5624.01,False
2016-12-01,87,989,228253.19,190347.83,37905.36,0.0,E,1456.3,False
2016-01-01,36,835,193447.23,333705.19,-140257.96,1.0,B,-11619.4,False
2016-02-01,36,835,218473.81,311283.65,-92809.84,1.0,B,-8534.01,False
2016-03-01,36,835,255525.8,322964.35,-67438.54,1.0,B,-2496.41,False
2016-04-01,36,835,182921.36,226212.56,-43291.2,1.0,B,-3598.75,False
2016-05-01,36,835,185232.19,305899.12,-120666.92,1.0,B,-3764.11,False
2016-06-01,36,835,237864.35,211645.74,26218.61,0.0,B,2561.4,False
2016-07-01,36,835,254929.71,212951.94,41977.77,0.0,B,3066.65,False
2016-08-01,36,835,220584.86,307425.79,-86840.93,1.0,B,-5963.43,False
2016-09-01,36,835,166878.49,347825.31,-180946.82,1.0,B,-9176.99,False
2016-10-01,36,835,257866.5,237822.42,20044.07,0.0,B,1905.2,False
2016-11-01,36,835,281383.16,200029.43,81353.74,0.0,B,3954.88,False
2016-12-01,36,835,177756.41,199231.69,-21475.28,1.0,B,-1889.19,False
2016-01-01,21,644,29691.62999999999,,-36207.3,1.0,C,-3582.99,False
2016-02-01,21,644,28166.99,71862.76,-43695.78,1.0,C,-3707.05,False
2016-03-01,21,644,30211.56,76260.93,-46049.37,1.0,C,-3054.42,False
2016-04-01,21,644,32861.77,76423.29,-43561.52,1.0,C,-1508.33,False
2016-05-01,21,644,24812.55,63751.77,-38939.22,1.0,C,-2455.86,False
2016-06-01,21,644,34681.81,73596.72,-38914.91,1.0,C,-2361.28,False
2016-07-01,21,644,22024.15,65095.2,-43071.05,1.0,C,-1903.56,False
2016-08-01,21,644,31478.55,57946.36,-26467.81,1.0,C,-1578.83,False
2016-09-01,21,644,22653.93,85101.41,-62447.49,1.0,C,-3437.3,False
2016-10-01,21,644,34123.58,91163.48,-57039.9,1.0,C,-2364.75,False
2016-11-01,21,644,30946.94,91401.68,-60454.74,1.0,C,-3681.46,False
2016-12-01,21,644,33430.53,75566.49,-42135.95,1.0,C,-2039.21,False
2016-01-01,83,649,236475.86,358163.6,-121687.74,1.0,E,-8097.63,False
2016-02-01,83,649,165749.37,292041.49,-126292.12,1.0,E,-4099.59,False
2016-03-01,83,649,237929.5,375398.45,-137468.96,1.0,E,-12844.58,False
2016-04-01,83,649,150365.09,300548.36,-150183.27,1.0,E,-13087.8,False
2016-05-01,83,649,190726.78,352359.2,-161632.43,1.0,E,-11101.03,False
2016-06-01,83,649,249508.25,308146.39,-58638.14,1.0,E,-5255.54,False
2016-07-01,83,649,254582.63,382060.93,-127478.3,1.0,E,-12412.26,False
2016-08-01,83,649,230562.58,436193.65,-205631.07,1.0,E,-7759.81,False
2016-09-01,83,649,210600.89,341126.94,-130526.05,1.0,E,-9679.58,False
2016-10-01,83,649,185391.92,384051.89,-198659.97,1.0,E,-19838.1,False
2016-11-01,83,649,253164.53,312851.32,-59686.78,1.0,E,-5918.08,False
2016-12-01,83,649,279231.43,279114.4,117.02,0.0,E,8.45,False
2016-01-01,9,728,144161.55,144703.05,-541.5,1.0,E,-21.1,False
2016-02-01,9,728,129837.8,122078.67,7759.14,0.0,E,549.53,False
2016-03-01,9,728,177321.36,153156.62,24164.74,0.0,E,728.43,False
2016-04-01,9,728,174688.28,150807.17,23881.11,0.0,E,1048.95,False
2016-05-01,9,728,159898.19,122224.12,37674.07,0.0,E,3651.7,False
2016-06-01,9,728,169037.29,123875.45,45161.84,0.0,E,2399.49,False
2016-07-01,9,728,175612.79,141265.38,34347.41,0.0,E,2565.32,False
2016-08-01,9,728,123830.09,152356.8,-28526.71,1.0,E,-1416.64,False
2016-09-01,9,728,141728.4,131830.6,9897.8,0.0,E,953.63,False
2016-10-01,9,728,180215.82,103520.57,76695.25,0.0,E,6212.25,False
2016-11-01,9,728,188095.49,125945.54,62149.95,0.0,E,3298.64,False
2016-12-01,9,728,149360.67,116760.41,32600.26,0.0,E,2784.82,False
2016-01-01,96,943,83987.84999999999,91595.68,-7607.83,1.0,B,-285.84,False
2016-02-01,96,943,90911.78,84926.49,5985.29,0.0,B,343.93,False
2016-03-01,96,943,108741.08,72697.38,36043.7,,B,1639.46,False
2016-04-01,96,943,97111.48,65937.9,31173.58,0.0,B,2427.2,False
2016-05-01,96,943,79869.69,60765.36,19104.33,0.0,B,710.13,False
2016-06-01,96,943,107755.23,79727.35,28027.88,0.0,B,1619.78,False
2016-07-01,96,943,111994.86,71942.3,40052.56,0.0,B,1977.21,False
2016-08-01,96,943,103862.0,69756.23,34105.77,0.0,B,2232.02,False
2016-09-01,96,943,90808.36,77579.9,13228.46,0.0,B,720.86,False
2016-10-01,96,943,,66369.21,49486.3,0.0,B,3931.62,False
2016-11-01,96,943,99078.28,68048.68,31029.6,0.0,B,984.27,False
2016-12-01,96,943,121603.52,72857.18,48746.34,0.0,B,3625.71,False
2016-01-01,67,780,232647.70999999996,293256.47,-60608.76,1.0,A,-2796.49,False
2016-02-01,67,780,285052.55,305247.98,-20195.43,1.0,A,-985.73,False
2016-03-01,67,780,264350.64,316958.55,-52607.91,1.0,A,-4525.22,False
2016-04-01,67,780,292950.12,299924.28,-6974.16,1.0,A,-675.72,False
2016-05-01,67,780,314463.65,230723.18,83740.46,0.0,A,4367.78,False
2016-06-01,67,780,359171.79,202631.22,156540.57,0.0,A,13756.22,False
2016-07-01,67,780,209373.9,324648.94,-115275.03,1.0,A,-4297.38,False
2016-08-01,67,780,328948.16,199112.72,129835.44,0.0,A,9656.99,False
2016-09-01,67,780,257670.47,324024.94,-66354.47,1.0,A,-5479.04,False
2016-10-01,67,780,317747.56,352310.88,-34563.32,1.0,A,-1414.28,False
2016-11-01,67,780,261286.56,298913.06,-37626.5,1.0,A,-2250.82,False
2016-12-01,67,780,354447.66,321732.9,32714.76,0.0,A,3025.77,False
2016-01-01,64,708,828.1599999999999,10053.77,-9225.61,1.0,C,-343.66,False
2016-02-01,64,708,785.63,9464.22,-8678.59,1.0,C,-271.35,False
2016-03-01,64,708,964.58,9654.85,-8690.27,1.0,C,-619.97,False
2016-04-01,64,708,951.34,11241.79,-10290.45,1.0,C,-622.44,False
2016-05-01,64,708,1005.73,8580.67,-7574.94,1.0,C,-650.75,False
2016-06-01,64,708,711.57,7115.69,-6404.12,1.0,C,-606.1,False
2016-07-01,64,708,712.1,8721.47,-8009.37,1.0,C,-408.0,False
2016-08-01,64,708,,11025.39,-9973.66,1.0,C,-570.38,False
2016-09-01,64,708,736.26,8051.19,-7314.93,1.0,C,-468.44,False
2016-10-01,64,708,620.69,9948.14,-9327.46,1.0,C,-663.84,False
2016-11-01,64,708,978.4,10509.14,-9530.74,1.0,C,-942.3,False
2016-12-01,64,708,1103.94,10055.86,-8951.92,1.0,C,-705.53,False
2016-01-01,47,898,253980.22,414470.01,-160489.79,1.0,E,-9190.99,False
2016-02-01,47,898,284736.66,377902.63,-93165.97,,E,-4515.17,False
2016-03-01,47,898,316394.92,363852.89,-47457.97,1.0,E,-4561.84,False
2016-04-01,47,898,239265.31,445207.91,-205942.6,1.0,E,-8132.34,False
2016-05-01,47,898,238227.89,442004.56,-203776.67,1.0,E,-16387.44,False
2016-06-01,47,898,206689.36,484894.2,-278204.84,1.0,E,-26367.6,False
2016-07-01,47,898,234630.95,320265.49,-85634.54,1.0,E,-6553.32,False
2016-08-01,47,898,250484.06,308124.85,-57640.8,1.0,E,-3436.19,False
2016-09-01,47,898,250098.3,485472.05,-235373.75,1.0,E,-10339.82,False
2016-10-01,47,898,221244.59,308130.45,-86885.86,1.0,E,-4841.56,False
2016-11-01,47,898,289718.6,279712.5,10006.09,0.0,E,795.29,False
2016-12-01,47,898,325569.76,309194.13,16375.62,0.0,E,1235.83,False
2016-01-01,44,874,1142.0399999999997,2347.74,-1205.7,1.0,C,-114.49,False
2016-02-01,44,874,1253.18,1709.31,-456.13,1.0,C,-41.36,False
2016-03-01,44,874,1259.69,2456.12,-1196.43,1.0,C,-104.25,False
2016-04-01,44,874,1057.55,2801.55,-1744.0,1.0,C,-163.59,False
2016-05-01,44,874,1290.95,2666.69,-1375.75,1.0,C,-67.88,False
2016-06-01,44,874,1523.86,2368.12,-844.26,1.0,C,-47.17,False
2016-07-01,44,874,1142.23,1928.22,-786.0,1.0,C,-44.48,False
2016-08-01,44,874,1203.3,2442.95,-1239.65,1.0,C,-85.82,False
2016-09-01,44,874,881.58,2653.77,-1772.19,1.0,C,-136.06,False
2016-10-01,44,874,1346.82,3057.57,-1710.74,1.0,C,-85.66,False
2016-11-01,44,874,1233.13,2227.4,-994.27,1.0,C,-31.18,False
2016-12-01,44,874,1169.79,2537.58,-1367.78,1.0,C,-79.26,False
